id,dataset,workload,faces_detected,eyes_detected,process_time_ms,total_time_ms,system,resolution_label
0,DATASET_2,FACE_DETECT,0,0,793,835,WINDOWS_10_WIN32,MEDIUM
1,DATASET_2,FACE_DETECT,1,0,126,128,WINDOWS_10_WIN32,MEDIUM
2,DATASET_2,FACE_DETECT,0,0,108,109,WINDOWS_10_WIN32,MEDIUM
3,DATASET_2,FACE_DETECT,0,0,121,122,WINDOWS_10_WIN32,MEDIUM
4,DATASET_2,FACE_DETECT,0,0,105,107,WINDOWS_10_WIN32,MEDIUM
5,DATASET_2,FACE_DETECT,0,0,114,115,WINDOWS_10_WIN32,MEDIUM
6,DATASET_2,FACE_DETECT,1,0,117,119,WINDOWS_10_WIN32,MEDIUM
7,DATASET_2,FACE_DETECT,1,0,124,127,WINDOWS_10_WIN32,MEDIUM
8,DATASET_2,FACE_DETECT,2,0,100,101,WINDOWS_10_WIN32,MEDIUM
9,DATASET_2,FACE_DETECT,2,0,119,121,WINDOWS_10_WIN32,MEDIUM
10,DATASET_2,FACE_DETECT,1,0,110,112,WINDOWS_10_WIN32,MEDIUM
11,DATASET_2,FACE_DETECT,1,0,124,127,WINDOWS_10_WIN32,MEDIUM
12,DATASET_2,FACE_DETECT,0,0,108,109,WINDOWS_10_WIN32,MEDIUM
13,DATASET_2,FACE_DETECT,1,0,110,112,WINDOWS_10_WIN32,MEDIUM
14,DATASET_2,FACE_DETECT,1,0,112,114,WINDOWS_10_WIN32,MEDIUM
15,DATASET_2,FACE_DETECT,1,0,109,111,WINDOWS_10_WIN32,MEDIUM
16,DATASET_2,FACE_DETECT,1,0,121,123,WINDOWS_10_WIN32,MEDIUM
17,DATASET_2,FACE_DETECT,1,0,123,125,WINDOWS_10_WIN32,MEDIUM
18,DATASET_2,FACE_DETECT,1,0,111,112,WINDOWS_10_WIN32,MEDIUM
19,DATASET_2,FACE_DETECT,1,0,121,124,WINDOWS_10_WIN32,MEDIUM
20,DATASET_2,FACE_DETECT,0,0,121,122,WINDOWS_10_WIN32,MEDIUM
21,DATASET_2,FACE_DETECT,0,0,116,119,WINDOWS_10_WIN32,MEDIUM
22,DATASET_2,FACE_DETECT,1,0,111,112,WINDOWS_10_WIN32,MEDIUM
23,DATASET_2,FACE_DETECT,1,0,116,117,WINDOWS_10_WIN32,MEDIUM
24,DATASET_2,FACE_DETECT,0,0,111,112,WINDOWS_10_WIN32,MEDIUM
25,DATASET_2,FACE_DETECT,1,0,138,141,WINDOWS_10_WIN32,MEDIUM
26,DATASET_2,FACE_DETECT,0,0,108,110,WINDOWS_10_WIN32,MEDIUM
27,DATASET_2,FACE_DETECT,0,0,120,122,WINDOWS_10_WIN32,MEDIUM
28,DATASET_2,FACE_DETECT,1,0,121,122,WINDOWS_10_WIN32,MEDIUM
29,DATASET_2,FACE_DETECT,0,0,114,116,WINDOWS_10_WIN32,MEDIUM
30,DATASET_2,FACE_DETECT,1,0,125,128,WINDOWS_10_WIN32,MEDIUM
31,DATASET_2,FACE_DETECT,2,0,113,115,WINDOWS_10_WIN32,MEDIUM
32,DATASET_2,FACE_DETECT,0,0,111,112,WINDOWS_10_WIN32,MEDIUM
33,DATASET_2,FACE_DETECT,0,0,122,124,WINDOWS_10_WIN32,MEDIUM
34,DATASET_2,FACE_DETECT,1,0,117,119,WINDOWS_10_WIN32,MEDIUM
35,DATASET_2,FACE_DETECT,3,0,131,133,WINDOWS_10_WIN32,MEDIUM
36,DATASET_2,FACE_DETECT,0,0,117,118,WINDOWS_10_WIN32,MEDIUM
37,DATASET_2,FACE_DETECT,0,0,110,111,WINDOWS_10_WIN32,MEDIUM
38,DATASET_2,FACE_DETECT,0,0,127,129,WINDOWS_10_WIN32,MEDIUM
39,DATASET_2,FACE_DETECT,0,0,113,115,WINDOWS_10_WIN32,MEDIUM
40,DATASET_2,FACE_DETECT,0,0,130,132,WINDOWS_10_WIN32,MEDIUM
41,DATASET_2,FACE_DETECT,0,0,120,122,WINDOWS_10_WIN32,MEDIUM
42,DATASET_2,FACE_DETECT,1,0,105,106,WINDOWS_10_WIN32,MEDIUM
43,DATASET_2,FACE_DETECT,1,0,131,134,WINDOWS_10_WIN32,MEDIUM
44,DATASET_2,FACE_DETECT,1,0,117,119,WINDOWS_10_WIN32,MEDIUM
45,DATASET_2,FACE_DETECT,0,0,106,107,WINDOWS_10_WIN32,MEDIUM
46,DATASET_2,FACE_DETECT,0,0,118,120,WINDOWS_10_WIN32,MEDIUM
47,DATASET_2,FACE_DETECT,0,0,110,111,WINDOWS_10_WIN32,MEDIUM
48,DATASET_2,FACE_DETECT,0,0,113,115,WINDOWS_10_WIN32,MEDIUM
49,DATASET_2,FACE_DETECT,0,0,112,113,WINDOWS_10_WIN32,MEDIUM
50,DATASET_2,FACE_DETECT,0,0,108,109,WINDOWS_10_WIN32,MEDIUM
51,DATASET_2,FACE_DETECT,0,0,111,113,WINDOWS_10_WIN32,MEDIUM
52,DATASET_2,FACE_DETECT,0,0,112,113,WINDOWS_10_WIN32,MEDIUM
53,DATASET_2,FACE_DETECT,0,0,105,106,WINDOWS_10_WIN32,MEDIUM
54,DATASET_2,FACE_DETECT,1,0,111,112,WINDOWS_10_WIN32,MEDIUM
55,DATASET_2,FACE_DETECT,1,0,118,120,WINDOWS_10_WIN32,MEDIUM
56,DATASET_2,FACE_DETECT,1,0,112,114,WINDOWS_10_WIN32,MEDIUM
57,DATASET_2,FACE_DETECT,1,0,113,114,WINDOWS_10_WIN32,MEDIUM
58,DATASET_2,FACE_DETECT,0,0,109,111,WINDOWS_10_WIN32,MEDIUM
59,DATASET_2,FACE_DETECT,1,0,121,123,WINDOWS_10_WIN32,MEDIUM
60,DATASET_2,FACE_DETECT,2,0,159,160,WINDOWS_10_WIN32,MEDIUM
61,DATASET_2,FACE_DETECT,2,0,118,119,WINDOWS_10_WIN32,MEDIUM
62,DATASET_2,FACE_DETECT,1,0,104,106,WINDOWS_10_WIN32,MEDIUM
63,DATASET_2,FACE_DETECT,1,0,119,120,WINDOWS_10_WIN32,MEDIUM
64,DATASET_2,FACE_DETECT,1,0,119,120,WINDOWS_10_WIN32,MEDIUM
65,DATASET_2,FACE_DETECT,1,0,119,122,WINDOWS_10_WIN32,MEDIUM
66,DATASET_2,FACE_DETECT,1,0,114,115,WINDOWS_10_WIN32,MEDIUM
67,DATASET_2,FACE_DETECT,1,0,108,109,WINDOWS_10_WIN32,MEDIUM
68,DATASET_2,FACE_DETECT,1,0,111,112,WINDOWS_10_WIN32,MEDIUM
69,DATASET_2,FACE_DETECT,1,0,129,131,WINDOWS_10_WIN32,MEDIUM
70,DATASET_2,FACE_DETECT,1,0,114,116,WINDOWS_10_WIN32,MEDIUM
71,DATASET_2,FACE_DETECT,1,0,107,108,WINDOWS_10_WIN32,MEDIUM
72,DATASET_2,FACE_DETECT,1,0,103,104,WINDOWS_10_WIN32,MEDIUM
73,DATASET_2,FACE_DETECT,1,0,109,111,WINDOWS_10_WIN32,MEDIUM
74,DATASET_2,FACE_DETECT,2,0,108,110,WINDOWS_10_WIN32,MEDIUM
75,DATASET_2,FACE_DETECT,2,0,120,122,WINDOWS_10_WIN32,MEDIUM
76,DATASET_2,FACE_DETECT,2,0,105,107,WINDOWS_10_WIN32,MEDIUM
77,DATASET_2,FACE_DETECT,2,0,103,104,WINDOWS_10_WIN32,MEDIUM
78,DATASET_2,FACE_DETECT,3,0,104,106,WINDOWS_10_WIN32,MEDIUM
79,DATASET_2,FACE_DETECT,3,0,109,111,WINDOWS_10_WIN32,MEDIUM
80,DATASET_2,FACE_DETECT,3,0,118,120,WINDOWS_10_WIN32,MEDIUM
81,DATASET_2,FACE_DETECT,2,0,113,115,WINDOWS_10_WIN32,MEDIUM
82,DATASET_2,FACE_DETECT,2,0,106,107,WINDOWS_10_WIN32,MEDIUM
83,DATASET_2,FACE_DETECT,2,0,108,109,WINDOWS_10_WIN32,MEDIUM
84,DATASET_2,FACE_DETECT,3,0,106,107,WINDOWS_10_WIN32,MEDIUM
85,DATASET_2,FACE_DETECT,3,0,114,116,WINDOWS_10_WIN32,MEDIUM
86,DATASET_2,FACE_DETECT,3,0,117,118,WINDOWS_10_WIN32,MEDIUM
87,DATASET_2,FACE_DETECT,2,0,109,110,WINDOWS_10_WIN32,MEDIUM
88,DATASET_2,FACE_DETECT,3,0,151,153,WINDOWS_10_WIN32,MEDIUM
89,DATASET_2,FACE_DETECT,1,0,109,112,WINDOWS_10_WIN32,MEDIUM
90,DATASET_2,FACE_DETECT,3,0,110,111,WINDOWS_10_WIN32,MEDIUM
91,DATASET_2,FACE_DETECT,2,0,112,114,WINDOWS_10_WIN32,MEDIUM
92,DATASET_2,FACE_DETECT,0,0,133,134,WINDOWS_10_WIN32,MEDIUM
93,DATASET_2,FACE_DETECT,1,0,145,146,WINDOWS_10_WIN32,MEDIUM
94,DATASET_2,FACE_DETECT,1,0,134,135,WINDOWS_10_WIN32,MEDIUM
95,DATASET_2,FACE_DETECT,1,0,118,119,WINDOWS_10_WIN32,MEDIUM
96,DATASET_2,FACE_DETECT,0,0,115,116,WINDOWS_10_WIN32,MEDIUM
97,DATASET_2,FACE_DETECT,0,0,117,119,WINDOWS_10_WIN32,MEDIUM
98,DATASET_2,FACE_DETECT,1,0,119,120,WINDOWS_10_WIN32,MEDIUM
99,DATASET_2,FACE_DETECT,0,0,121,123,WINDOWS_10_WIN32,MEDIUM
100,DATASET_2,FACE_DETECT,0,0,125,125,WINDOWS_10_WIN32,MEDIUM
101,DATASET_2,FACE_DETECT,0,0,124,128,WINDOWS_10_WIN32,MEDIUM
102,DATASET_2,FACE_DETECT,0,0,136,137,WINDOWS_10_WIN32,MEDIUM
103,DATASET_2,FACE_DETECT,0,0,138,140,WINDOWS_10_WIN32,MEDIUM
104,DATASET_2,FACE_DETECT,1,0,123,124,WINDOWS_10_WIN32,MEDIUM
105,DATASET_2,FACE_DETECT,0,0,115,116,WINDOWS_10_WIN32,MEDIUM
106,DATASET_2,FACE_DETECT,1,0,123,126,WINDOWS_10_WIN32,MEDIUM
107,DATASET_2,FACE_DETECT,1,0,124,126,WINDOWS_10_WIN32,MEDIUM
108,DATASET_2,FACE_DETECT,0,0,118,119,WINDOWS_10_WIN32,MEDIUM
109,DATASET_2,FACE_DETECT,0,0,127,130,WINDOWS_10_WIN32,MEDIUM
110,DATASET_2,FACE_DETECT,0,0,143,145,WINDOWS_10_WIN32,MEDIUM
111,DATASET_2,FACE_DETECT,0,0,126,127,WINDOWS_10_WIN32,MEDIUM
112,DATASET_2,FACE_DETECT,0,0,145,147,WINDOWS_10_WIN32,MEDIUM
113,DATASET_2,FACE_DETECT,2,0,112,113,WINDOWS_10_WIN32,MEDIUM
114,DATASET_2,FACE_DETECT,1,0,116,116,WINDOWS_10_WIN32,MEDIUM
115,DATASET_2,FACE_DETECT,0,0,125,127,WINDOWS_10_WIN32,MEDIUM
116,DATASET_2,FACE_DETECT,0,0,119,120,WINDOWS_10_WIN32,MEDIUM
117,DATASET_2,FACE_DETECT,0,0,125,128,WINDOWS_10_WIN32,MEDIUM
118,DATASET_2,FACE_DETECT,0,0,112,113,WINDOWS_10_WIN32,MEDIUM
119,DATASET_2,FACE_DETECT,0,0,134,136,WINDOWS_10_WIN32,MEDIUM
120,DATASET_2,FACE_DETECT,0,0,137,139,WINDOWS_10_WIN32,MEDIUM
121,DATASET_2,FACE_DETECT,0,0,161,162,WINDOWS_10_WIN32,MEDIUM
122,DATASET_2,FACE_DETECT,0,0,125,126,WINDOWS_10_WIN32,MEDIUM
123,DATASET_2,FACE_DETECT,0,0,118,119,WINDOWS_10_WIN32,MEDIUM
124,DATASET_2,FACE_DETECT,0,0,118,119,WINDOWS_10_WIN32,MEDIUM
125,DATASET_2,FACE_DETECT,0,0,116,118,WINDOWS_10_WIN32,MEDIUM
126,DATASET_2,FACE_DETECT,0,0,120,122,WINDOWS_10_WIN32,MEDIUM
127,DATASET_2,FACE_DETECT,0,0,125,128,WINDOWS_10_WIN32,MEDIUM
128,DATASET_2,FACE_DETECT,0,0,117,118,WINDOWS_10_WIN32,MEDIUM
129,DATASET_2,FACE_DETECT,0,0,167,168,WINDOWS_10_WIN32,MEDIUM
130,DATASET_2,FACE_DETECT,0,0,131,133,WINDOWS_10_WIN32,MEDIUM
131,DATASET_2,FACE_DETECT,0,0,133,135,WINDOWS_10_WIN32,MEDIUM
132,DATASET_2,FACE_DETECT,0,0,124,125,WINDOWS_10_WIN32,MEDIUM
133,DATASET_2,FACE_DETECT,0,0,123,125,WINDOWS_10_WIN32,MEDIUM
134,DATASET_2,FACE_DETECT,2,0,129,131,WINDOWS_10_WIN32,MEDIUM
135,DATASET_2,FACE_DETECT,2,0,127,128,WINDOWS_10_WIN32,MEDIUM
136,DATASET_2,FACE_DETECT,1,0,123,124,WINDOWS_10_WIN32,MEDIUM
137,DATASET_2,FACE_DETECT,1,0,131,132,WINDOWS_10_WIN32,MEDIUM
138,DATASET_2,FACE_DETECT,2,0,125,127,WINDOWS_10_WIN32,MEDIUM
139,DATASET_2,FACE_DETECT,1,0,127,128,WINDOWS_10_WIN32,MEDIUM
140,DATASET_2,FACE_DETECT,1,0,128,131,WINDOWS_10_WIN32,MEDIUM
141,DATASET_2,FACE_DETECT,2,0,138,140,WINDOWS_10_WIN32,MEDIUM
142,DATASET_2,FACE_DETECT,2,0,119,121,WINDOWS_10_WIN32,MEDIUM
143,DATASET_2,FACE_DETECT,2,0,123,124,WINDOWS_10_WIN32,MEDIUM
144,DATASET_2,FACE_DETECT,2,0,110,111,WINDOWS_10_WIN32,MEDIUM
145,DATASET_2,FACE_DETECT,2,0,119,120,WINDOWS_10_WIN32,MEDIUM
146,DATASET_2,FACE_DETECT,1,0,121,123,WINDOWS_10_WIN32,MEDIUM
147,DATASET_2,FACE_DETECT,1,0,118,119,WINDOWS_10_WIN32,MEDIUM
148,DATASET_2,FACE_DETECT,2,0,133,134,WINDOWS_10_WIN32,MEDIUM
149,DATASET_2,FACE_DETECT,1,0,136,139,WINDOWS_10_WIN32,MEDIUM
150,DATASET_2,FACE_DETECT,2,0,132,133,WINDOWS_10_WIN32,MEDIUM
151,DATASET_2,FACE_DETECT,2,0,149,151,WINDOWS_10_WIN32,MEDIUM
152,DATASET_2,FACE_DETECT,1,0,128,130,WINDOWS_10_WIN32,MEDIUM
153,DATASET_2,FACE_DETECT,1,0,118,119,WINDOWS_10_WIN32,MEDIUM
154,DATASET_2,FACE_DETECT,0,0,126,128,WINDOWS_10_WIN32,MEDIUM
155,DATASET_2,FACE_DETECT,0,0,122,125,WINDOWS_10_WIN32,MEDIUM
156,DATASET_2,FACE_DETECT,0,0,115,116,WINDOWS_10_WIN32,MEDIUM
157,DATASET_2,FACE_DETECT,0,0,114,115,WINDOWS_10_WIN32,MEDIUM
158,DATASET_2,FACE_DETECT,0,0,115,116,WINDOWS_10_WIN32,MEDIUM
159,DATASET_2,FACE_DETECT,0,0,125,128,WINDOWS_10_WIN32,MEDIUM
160,DATASET_2,FACE_DETECT,0,0,139,141,WINDOWS_10_WIN32,MEDIUM
161,DATASET_2,FACE_DETECT,0,0,116,117,WINDOWS_10_WIN32,MEDIUM
162,DATASET_2,FACE_DETECT,0,0,124,126,WINDOWS_10_WIN32,MEDIUM
163,DATASET_2,FACE_DETECT,0,0,119,120,WINDOWS_10_WIN32,MEDIUM
164,DATASET_2,FACE_DETECT,0,0,119,120,WINDOWS_10_WIN32,MEDIUM
165,DATASET_2,FACE_DETECT,0,0,120,122,WINDOWS_10_WIN32,MEDIUM
166,DATASET_2,FACE_DETECT,0,0,116,117,WINDOWS_10_WIN32,MEDIUM
167,DATASET_2,FACE_DETECT,0,0,120,121,WINDOWS_10_WIN32,MEDIUM
168,DATASET_2,FACE_DETECT,0,0,126,127,WINDOWS_10_WIN32,MEDIUM
169,DATASET_2,FACE_DETECT,1,0,125,127,WINDOWS_10_WIN32,MEDIUM
170,DATASET_2,FACE_DETECT,0,0,129,132,WINDOWS_10_WIN32,MEDIUM
171,DATASET_2,FACE_DETECT,0,0,132,135,WINDOWS_10_WIN32,MEDIUM
172,DATASET_2,FACE_DETECT,0,0,113,116,WINDOWS_10_WIN32,MEDIUM
173,DATASET_2,FACE_DETECT,0,0,111,114,WINDOWS_10_WIN32,MEDIUM
174,DATASET_2,FACE_DETECT,0,0,110,111,WINDOWS_10_WIN32,MEDIUM
175,DATASET_2,FACE_DETECT,1,0,114,116,WINDOWS_10_WIN32,MEDIUM
176,DATASET_2,FACE_DETECT,1,0,104,105,WINDOWS_10_WIN32,MEDIUM
177,DATASET_2,FACE_DETECT,0,0,117,118,WINDOWS_10_WIN32,MEDIUM
178,DATASET_2,FACE_DETECT,1,0,102,104,WINDOWS_10_WIN32,MEDIUM
179,DATASET_2,FACE_DETECT,1,0,129,132,WINDOWS_10_WIN32,MEDIUM
180,DATASET_2,FACE_DETECT,1,0,112,113,WINDOWS_10_WIN32,MEDIUM
181,DATASET_2,FACE_DETECT,1,0,112,114,WINDOWS_10_WIN32,MEDIUM
182,DATASET_2,FACE_DETECT,0,0,127,130,WINDOWS_10_WIN32,MEDIUM
183,DATASET_2,FACE_DETECT,0,0,103,104,WINDOWS_10_WIN32,MEDIUM
184,DATASET_2,FACE_DETECT,1,0,120,123,WINDOWS_10_WIN32,MEDIUM
185,DATASET_2,FACE_DETECT,1,0,108,110,WINDOWS_10_WIN32,MEDIUM
186,DATASET_2,FACE_DETECT,1,0,109,110,WINDOWS_10_WIN32,MEDIUM
187,DATASET_2,FACE_DETECT,1,0,122,125,WINDOWS_10_WIN32,MEDIUM
188,DATASET_2,FACE_DETECT,1,0,105,108,WINDOWS_10_WIN32,MEDIUM
189,DATASET_2,FACE_DETECT,2,0,110,111,WINDOWS_10_WIN32,MEDIUM
190,DATASET_2,FACE_DETECT,2,0,108,109,WINDOWS_10_WIN32,MEDIUM
191,DATASET_2,FACE_DETECT,1,0,104,106,WINDOWS_10_WIN32,MEDIUM
192,DATASET_2,FACE_DETECT,1,0,116,118,WINDOWS_10_WIN32,MEDIUM
193,DATASET_2,FACE_DETECT,1,0,117,118,WINDOWS_10_WIN32,MEDIUM
194,DATASET_2,FACE_DETECT,1,0,115,116,WINDOWS_10_WIN32,MEDIUM
195,DATASET_2,FACE_DETECT,1,0,116,120,WINDOWS_10_WIN32,MEDIUM
196,DATASET_2,FACE_DETECT,1,0,117,119,WINDOWS_10_WIN32,MEDIUM
197,DATASET_2,FACE_DETECT,0,0,184,186,WINDOWS_10_WIN32,MEDIUM
198,DATASET_2,FACE_DETECT,2,0,117,119,WINDOWS_10_WIN32,MEDIUM
199,DATASET_2,FACE_DETECT,1,0,107,109,WINDOWS_10_WIN32,MEDIUM
200,DATASET_2,FACE_DETECT,1,0,118,121,WINDOWS_10_WIN32,MEDIUM
201,DATASET_2,FACE_DETECT,1,0,122,124,WINDOWS_10_WIN32,MEDIUM
202,DATASET_2,FACE_DETECT,1,0,134,136,WINDOWS_10_WIN32,MEDIUM
203,DATASET_2,FACE_DETECT,0,0,118,120,WINDOWS_10_WIN32,MEDIUM
204,DATASET_2,FACE_DETECT,1,0,119,121,WINDOWS_10_WIN32,MEDIUM
205,DATASET_2,FACE_DETECT,1,0,116,117,WINDOWS_10_WIN32,MEDIUM
206,DATASET_2,FACE_DETECT,0,0,116,118,WINDOWS_10_WIN32,MEDIUM
207,DATASET_2,FACE_DETECT,1,0,103,103,WINDOWS_10_WIN32,MEDIUM
208,DATASET_2,FACE_DETECT,1,0,116,118,WINDOWS_10_WIN32,MEDIUM
209,DATASET_2,FACE_DETECT,1,0,104,105,WINDOWS_10_WIN32,MEDIUM
210,DATASET_2,FACE_DETECT,1,0,128,130,WINDOWS_10_WIN32,MEDIUM
211,DATASET_2,FACE_DETECT,0,0,116,120,WINDOWS_10_WIN32,MEDIUM
212,DATASET_2,FACE_DETECT,1,0,111,113,WINDOWS_10_WIN32,MEDIUM
213,DATASET_2,FACE_DETECT,1,0,112,115,WINDOWS_10_WIN32,MEDIUM
214,DATASET_2,FACE_DETECT,1,0,116,117,WINDOWS_10_WIN32,MEDIUM
215,DATASET_2,FACE_DETECT,1,0,110,112,WINDOWS_10_WIN32,MEDIUM
216,DATASET_2,FACE_DETECT,0,0,128,131,WINDOWS_10_WIN32,MEDIUM
217,DATASET_2,FACE_DETECT,1,0,115,117,WINDOWS_10_WIN32,MEDIUM
218,DATASET_2,FACE_DETECT,0,0,112,113,WINDOWS_10_WIN32,MEDIUM
219,DATASET_2,FACE_DETECT,2,0,118,119,WINDOWS_10_WIN32,MEDIUM
220,DATASET_2,FACE_DETECT,1,0,118,120,WINDOWS_10_WIN32,MEDIUM
221,DATASET_2,FACE_DETECT,1,0,113,114,WINDOWS_10_WIN32,MEDIUM
222,DATASET_2,FACE_DETECT,1,0,126,128,WINDOWS_10_WIN32,MEDIUM
223,DATASET_2,FACE_DETECT,1,0,111,112,WINDOWS_10_WIN32,MEDIUM
224,DATASET_2,FACE_DETECT,1,0,108,109,WINDOWS_10_WIN32,MEDIUM
225,DATASET_2,FACE_DETECT,1,0,113,115,WINDOWS_10_WIN32,MEDIUM
226,DATASET_2,FACE_DETECT,1,0,108,109,WINDOWS_10_WIN32,MEDIUM
227,DATASET_2,FACE_DETECT,1,0,113,115,WINDOWS_10_WIN32,MEDIUM
228,DATASET_2,FACE_DETECT,1,0,131,133,WINDOWS_10_WIN32,MEDIUM
229,DATASET_2,FACE_DETECT,2,0,118,120,WINDOWS_10_WIN32,MEDIUM
230,DATASET_2,FACE_DETECT,1,0,114,116,WINDOWS_10_WIN32,MEDIUM
231,DATASET_2,FACE_DETECT,1,0,117,119,WINDOWS_10_WIN32,MEDIUM
232,DATASET_2,FACE_DETECT,1,0,112,114,WINDOWS_10_WIN32,MEDIUM
233,DATASET_2,FACE_DETECT,1,0,117,119,WINDOWS_10_WIN32,MEDIUM
234,DATASET_2,FACE_DETECT,1,0,113,115,WINDOWS_10_WIN32,MEDIUM
235,DATASET_2,FACE_DETECT,1,0,130,133,WINDOWS_10_WIN32,MEDIUM
236,DATASET_2,FACE_DETECT,2,0,114,115,WINDOWS_10_WIN32,MEDIUM
237,DATASET_2,FACE_DETECT,1,0,118,120,WINDOWS_10_WIN32,MEDIUM
238,DATASET_2,FACE_DETECT,1,0,117,119,WINDOWS_10_WIN32,MEDIUM
239,DATASET_2,FACE_DETECT,1,0,112,113,WINDOWS_10_WIN32,MEDIUM
240,DATASET_2,FACE_DETECT,2,0,123,124,WINDOWS_10_WIN32,MEDIUM
241,DATASET_2,FACE_DETECT,1,0,112,113,WINDOWS_10_WIN32,MEDIUM
242,DATASET_2,FACE_DETECT,3,0,111,112,WINDOWS_10_WIN32,MEDIUM
243,DATASET_2,FACE_DETECT,1,0,110,111,WINDOWS_10_WIN32,MEDIUM
244,DATASET_2,FACE_DETECT,1,0,117,119,WINDOWS_10_WIN32,MEDIUM
245,DATASET_2,FACE_DETECT,1,0,114,115,WINDOWS_10_WIN32,MEDIUM
246,DATASET_2,FACE_DETECT,1,0,122,124,WINDOWS_10_WIN32,MEDIUM
247,DATASET_2,FACE_DETECT,1,0,119,121,WINDOWS_10_WIN32,MEDIUM
248,DATASET_2,FACE_DETECT,2,0,127,129,WINDOWS_10_WIN32,MEDIUM
249,DATASET_2,FACE_DETECT,1,0,114,116,WINDOWS_10_WIN32,MEDIUM
250,DATASET_2,FACE_DETECT,1,0,126,129,WINDOWS_10_WIN32,MEDIUM
251,DATASET_2,FACE_DETECT,1,0,131,133,WINDOWS_10_WIN32,MEDIUM
252,DATASET_2,FACE_DETECT,1,0,113,114,WINDOWS_10_WIN32,MEDIUM
253,DATASET_2,FACE_DETECT,1,0,121,123,WINDOWS_10_WIN32,MEDIUM
254,DATASET_2,FACE_DETECT,1,0,111,112,WINDOWS_10_WIN32,MEDIUM
255,DATASET_2,FACE_DETECT,1,0,119,120,WINDOWS_10_WIN32,MEDIUM
256,DATASET_2,FACE_DETECT,1,0,117,118,WINDOWS_10_WIN32,MEDIUM
257,DATASET_2,FACE_DETECT,2,0,113,114,WINDOWS_10_WIN32,MEDIUM
258,DATASET_2,FACE_DETECT,1,0,121,123,WINDOWS_10_WIN32,MEDIUM
259,DATASET_2,FACE_DETECT,2,0,112,114,WINDOWS_10_WIN32,MEDIUM
260,DATASET_2,FACE_DETECT,1,0,131,133,WINDOWS_10_WIN32,MEDIUM
261,DATASET_2,FACE_DETECT,1,0,129,131,WINDOWS_10_WIN32,MEDIUM
262,DATASET_2,FACE_DETECT,1,0,120,121,WINDOWS_10_WIN32,MEDIUM
263,DATASET_2,FACE_DETECT,2,0,123,126,WINDOWS_10_WIN32,MEDIUM
264,DATASET_2,FACE_DETECT,3,0,122,123,WINDOWS_10_WIN32,MEDIUM
265,DATASET_2,FACE_DETECT,3,0,104,106,WINDOWS_10_WIN32,MEDIUM
266,DATASET_2,FACE_DETECT,3,0,120,122,WINDOWS_10_WIN32,MEDIUM
267,DATASET_2,FACE_DETECT,2,0,125,127,WINDOWS_10_WIN32,MEDIUM
268,DATASET_2,FACE_DETECT,3,0,138,139,WINDOWS_10_WIN32,MEDIUM
269,DATASET_2,FACE_DETECT,3,0,120,123,WINDOWS_10_WIN32,MEDIUM
270,DATASET_2,FACE_DETECT,2,0,111,112,WINDOWS_10_WIN32,MEDIUM
271,DATASET_2,FACE_DETECT,3,0,118,119,WINDOWS_10_WIN32,MEDIUM
272,DATASET_2,FACE_DETECT,3,0,109,111,WINDOWS_10_WIN32,MEDIUM
273,DATASET_2,FACE_DETECT,2,0,114,116,WINDOWS_10_WIN32,MEDIUM
274,DATASET_2,FACE_DETECT,2,0,114,115,WINDOWS_10_WIN32,MEDIUM
275,DATASET_2,FACE_DETECT,2,0,123,125,WINDOWS_10_WIN32,MEDIUM
276,DATASET_2,FACE_DETECT,3,0,117,119,WINDOWS_10_WIN32,MEDIUM
277,DATASET_2,FACE_DETECT,3,0,129,130,WINDOWS_10_WIN32,MEDIUM
278,DATASET_2,FACE_DETECT,2,0,117,117,WINDOWS_10_WIN32,MEDIUM
279,DATASET_2,FACE_DETECT,3,0,129,132,WINDOWS_10_WIN32,MEDIUM
280,DATASET_2,FACE_DETECT,2,0,110,111,WINDOWS_10_WIN32,MEDIUM
281,DATASET_2,FACE_DETECT,2,0,125,126,WINDOWS_10_WIN32,MEDIUM
282,DATASET_2,FACE_DETECT,2,0,117,118,WINDOWS_10_WIN32,MEDIUM
283,DATASET_2,FACE_DETECT,2,0,118,119,WINDOWS_10_WIN32,MEDIUM
284,DATASET_2,FACE_DETECT,2,0,122,123,WINDOWS_10_WIN32,MEDIUM
285,DATASET_2,FACE_DETECT,2,0,109,110,WINDOWS_10_WIN32,MEDIUM
286,DATASET_2,FACE_DETECT,2,0,111,112,WINDOWS_10_WIN32,MEDIUM
287,DATASET_2,FACE_DETECT,2,0,114,115,WINDOWS_10_WIN32,MEDIUM
288,DATASET_2,FACE_DETECT,2,0,117,117,WINDOWS_10_WIN32,MEDIUM
289,DATASET_2,FACE_DETECT,2,0,113,114,WINDOWS_10_WIN32,MEDIUM
290,DATASET_2,FACE_DETECT,2,0,108,109,WINDOWS_10_WIN32,MEDIUM
291,DATASET_2,FACE_DETECT,3,0,107,109,WINDOWS_10_WIN32,MEDIUM
292,DATASET_2,FACE_DETECT,3,0,111,112,WINDOWS_10_WIN32,MEDIUM
293,DATASET_2,FACE_DETECT,3,0,112,113,WINDOWS_10_WIN32,MEDIUM
294,DATASET_2,FACE_DETECT,3,0,114,115,WINDOWS_10_WIN32,MEDIUM
295,DATASET_2,FACE_DETECT,2,0,122,124,WINDOWS_10_WIN32,MEDIUM
296,DATASET_2,FACE_DETECT,2,0,118,119,WINDOWS_10_WIN32,MEDIUM
297,DATASET_2,FACE_DETECT,2,0,139,141,WINDOWS_10_WIN32,MEDIUM
298,DATASET_2,FACE_DETECT,2,0,127,128,WINDOWS_10_WIN32,MEDIUM
299,DATASET_2,FACE_DETECT,2,0,131,132,WINDOWS_10_WIN32,MEDIUM
300,DATASET_2,FACE_DETECT,2,0,113,114,WINDOWS_10_WIN32,MEDIUM
301,DATASET_2,FACE_DETECT,2,0,130,131,WINDOWS_10_WIN32,MEDIUM
302,DATASET_2,FACE_DETECT,2,0,113,114,WINDOWS_10_WIN32,MEDIUM
303,DATASET_2,FACE_DETECT,2,0,117,118,WINDOWS_10_WIN32,MEDIUM
304,DATASET_2,FACE_DETECT,2,0,118,119,WINDOWS_10_WIN32,MEDIUM
305,DATASET_2,FACE_DETECT,2,0,127,128,WINDOWS_10_WIN32,MEDIUM
306,DATASET_2,FACE_DETECT,2,0,151,153,WINDOWS_10_WIN32,MEDIUM
307,DATASET_2,FACE_DETECT,0,0,127,128,WINDOWS_10_WIN32,MEDIUM
308,DATASET_2,FACE_DETECT,0,0,133,134,WINDOWS_10_WIN32,MEDIUM
309,DATASET_2,FACE_DETECT,0,0,142,143,WINDOWS_10_WIN32,MEDIUM
310,DATASET_2,FACE_DETECT,1,0,142,143,WINDOWS_10_WIN32,MEDIUM
311,DATASET_2,FACE_DETECT,0,0,121,122,WINDOWS_10_WIN32,MEDIUM
312,DATASET_2,FACE_DETECT,0,0,122,125,WINDOWS_10_WIN32,MEDIUM
313,DATASET_2,FACE_DETECT,0,0,116,119,WINDOWS_10_WIN32,MEDIUM
314,DATASET_2,FACE_DETECT,0,0,124,126,WINDOWS_10_WIN32,MEDIUM
315,DATASET_2,FACE_DETECT,0,0,123,125,WINDOWS_10_WIN32,MEDIUM
316,DATASET_2,FACE_DETECT,0,0,109,110,WINDOWS_10_WIN32,MEDIUM
317,DATASET_2,FACE_DETECT,0,0,107,108,WINDOWS_10_WIN32,MEDIUM
318,DATASET_2,FACE_DETECT,0,0,110,110,WINDOWS_10_WIN32,MEDIUM
319,DATASET_2,FACE_DETECT,0,0,124,126,WINDOWS_10_WIN32,MEDIUM
320,DATASET_2,FACE_DETECT,0,0,115,116,WINDOWS_10_WIN32,MEDIUM
321,DATASET_2,FACE_DETECT,0,0,111,113,WINDOWS_10_WIN32,MEDIUM
322,DATASET_2,FACE_DETECT,0,0,119,121,WINDOWS_10_WIN32,MEDIUM
323,DATASET_2,FACE_DETECT,0,0,129,130,WINDOWS_10_WIN32,MEDIUM
324,DATASET_2,FACE_DETECT,0,0,135,137,WINDOWS_10_WIN32,MEDIUM
325,DATASET_2,FACE_DETECT,0,0,124,125,WINDOWS_10_WIN32,MEDIUM
326,DATASET_2,FACE_DETECT,0,0,118,119,WINDOWS_10_WIN32,MEDIUM
327,DATASET_2,FACE_DETECT,0,0,102,103,WINDOWS_10_WIN32,MEDIUM
328,DATASET_2,FACE_DETECT,1,0,117,119,WINDOWS_10_WIN32,MEDIUM
329,DATASET_2,FACE_DETECT,0,0,109,111,WINDOWS_10_WIN32,MEDIUM
330,DATASET_2,FACE_DETECT,1,0,123,125,WINDOWS_10_WIN32,MEDIUM
331,DATASET_2,FACE_DETECT,1,0,115,118,WINDOWS_10_WIN32,MEDIUM
332,DATASET_2,FACE_DETECT,0,0,111,112,WINDOWS_10_WIN32,MEDIUM
333,DATASET_2,FACE_DETECT,1,0,111,114,WINDOWS_10_WIN32,MEDIUM
334,DATASET_2,FACE_DETECT,1,0,118,120,WINDOWS_10_WIN32,MEDIUM
335,DATASET_2,FACE_DETECT,0,0,123,125,WINDOWS_10_WIN32,MEDIUM
336,DATASET_2,FACE_DETECT,0,0,115,117,WINDOWS_10_WIN32,MEDIUM
337,DATASET_2,FACE_DETECT,0,0,119,120,WINDOWS_10_WIN32,MEDIUM
338,DATASET_2,FACE_DETECT,0,0,138,139,WINDOWS_10_WIN32,MEDIUM
339,DATASET_2,FACE_DETECT,0,0,125,127,WINDOWS_10_WIN32,MEDIUM
340,DATASET_2,FACE_DETECT,0,0,125,126,WINDOWS_10_WIN32,MEDIUM
341,DATASET_2,FACE_DETECT,0,0,122,124,WINDOWS_10_WIN32,MEDIUM
342,DATASET_2,FACE_DETECT,0,0,120,122,WINDOWS_10_WIN32,MEDIUM
343,DATASET_2,FACE_DETECT,0,0,112,114,WINDOWS_10_WIN32,MEDIUM
344,DATASET_2,FACE_DETECT,0,0,117,118,WINDOWS_10_WIN32,MEDIUM
345,DATASET_2,FACE_DETECT,0,0,116,117,WINDOWS_10_WIN32,MEDIUM
346,DATASET_2,FACE_DETECT,0,0,123,125,WINDOWS_10_WIN32,MEDIUM
347,DATASET_2,FACE_DETECT,0,0,123,126,WINDOWS_10_WIN32,MEDIUM
348,DATASET_2,FACE_DETECT,0,0,122,124,WINDOWS_10_WIN32,MEDIUM
349,DATASET_2,FACE_DETECT,0,0,126,127,WINDOWS_10_WIN32,MEDIUM
350,DATASET_2,FACE_DETECT,0,0,112,113,WINDOWS_10_WIN32,MEDIUM
351,DATASET_2,FACE_DETECT,0,0,120,122,WINDOWS_10_WIN32,MEDIUM
352,DATASET_2,FACE_DETECT,0,0,122,124,WINDOWS_10_WIN32,MEDIUM
353,DATASET_2,FACE_DETECT,0,0,139,142,WINDOWS_10_WIN32,MEDIUM
354,DATASET_2,FACE_DETECT,0,0,133,135,WINDOWS_10_WIN32,MEDIUM
355,DATASET_2,FACE_DETECT,0,0,114,116,WINDOWS_10_WIN32,MEDIUM
356,DATASET_2,FACE_DETECT,0,0,118,119,WINDOWS_10_WIN32,MEDIUM
357,DATASET_2,FACE_DETECT,0,0,124,125,WINDOWS_10_WIN32,MEDIUM
358,DATASET_2,FACE_DETECT,0,0,135,136,WINDOWS_10_WIN32,MEDIUM
359,DATASET_2,FACE_DETECT,0,0,121,122,WINDOWS_10_WIN32,MEDIUM
360,DATASET_2,FACE_DETECT,1,0,128,131,WINDOWS_10_WIN32,MEDIUM
361,DATASET_2,FACE_DETECT,1,0,122,122,WINDOWS_10_WIN32,MEDIUM
362,DATASET_2,FACE_DETECT,0,0,127,128,WINDOWS_10_WIN32,MEDIUM
363,DATASET_2,FACE_DETECT,0,0,126,127,WINDOWS_10_WIN32,MEDIUM
364,DATASET_2,FACE_DETECT,0,0,127,128,WINDOWS_10_WIN32,MEDIUM
365,DATASET_2,FACE_DETECT,0,0,126,129,WINDOWS_10_WIN32,MEDIUM
366,DATASET_2,FACE_DETECT,0,0,122,123,WINDOWS_10_WIN32,MEDIUM
367,DATASET_2,FACE_DETECT,0,0,127,128,WINDOWS_10_WIN32,MEDIUM
368,DATASET_2,FACE_DETECT,0,0,120,121,WINDOWS_10_WIN32,MEDIUM
369,DATASET_2,FACE_DETECT,0,0,126,127,WINDOWS_10_WIN32,MEDIUM
370,DATASET_2,FACE_DETECT,0,0,126,128,WINDOWS_10_WIN32,MEDIUM
371,DATASET_2,FACE_DETECT,0,0,124,126,WINDOWS_10_WIN32,MEDIUM
372,DATASET_2,FACE_DETECT,0,0,135,136,WINDOWS_10_WIN32,MEDIUM
373,DATASET_2,FACE_DETECT,1,0,136,137,WINDOWS_10_WIN32,MEDIUM
374,DATASET_2,FACE_DETECT,1,0,124,126,WINDOWS_10_WIN32,MEDIUM
375,DATASET_2,FACE_DETECT,1,0,119,120,WINDOWS_10_WIN32,MEDIUM
376,DATASET_2,FACE_DETECT,1,0,124,125,WINDOWS_10_WIN32,MEDIUM
377,DATASET_2,FACE_DETECT,1,0,134,135,WINDOWS_10_WIN32,MEDIUM
378,DATASET_2,FACE_DETECT,1,0,119,120,WINDOWS_10_WIN32,MEDIUM
379,DATASET_2,FACE_DETECT,1,0,131,132,WINDOWS_10_WIN32,MEDIUM
380,DATASET_2,FACE_DETECT,1,0,124,125,WINDOWS_10_WIN32,MEDIUM
381,DATASET_2,FACE_DETECT,1,0,135,136,WINDOWS_10_WIN32,MEDIUM
382,DATASET_2,FACE_DETECT,1,0,124,125,WINDOWS_10_WIN32,MEDIUM
383,DATASET_2,FACE_DETECT,1,0,127,128,WINDOWS_10_WIN32,MEDIUM
384,DATASET_2,FACE_DETECT,1,0,127,128,WINDOWS_10_WIN32,MEDIUM
385,DATASET_2,FACE_DETECT,1,0,126,127,WINDOWS_10_WIN32,MEDIUM
386,DATASET_2,FACE_DETECT,1,0,127,128,WINDOWS_10_WIN32,MEDIUM
387,DATASET_2,FACE_DETECT,1,0,124,125,WINDOWS_10_WIN32,MEDIUM
388,DATASET_2,FACE_DETECT,1,0,128,130,WINDOWS_10_WIN32,MEDIUM
389,DATASET_2,FACE_DETECT,1,0,125,128,WINDOWS_10_WIN32,MEDIUM
390,DATASET_2,FACE_DETECT,1,0,124,124,WINDOWS_10_WIN32,MEDIUM
391,DATASET_2,FACE_DETECT,1,0,127,129,WINDOWS_10_WIN32,MEDIUM
392,DATASET_2,FACE_DETECT,1,0,128,129,WINDOWS_10_WIN32,MEDIUM
393,DATASET_2,FACE_DETECT,1,0,137,138,WINDOWS_10_WIN32,MEDIUM
394,DATASET_2,FACE_DETECT,1,0,127,129,WINDOWS_10_WIN32,MEDIUM
395,DATASET_2,FACE_DETECT,1,0,126,127,WINDOWS_10_WIN32,MEDIUM
396,DATASET_2,FACE_DETECT,1,0,124,126,WINDOWS_10_WIN32,MEDIUM
397,DATASET_2,FACE_DETECT,0,0,128,130,WINDOWS_10_WIN32,MEDIUM
398,DATASET_2,FACE_DETECT,0,0,124,126,WINDOWS_10_WIN32,MEDIUM
399,DATASET_2,FACE_DETECT,0,0,123,124,WINDOWS_10_WIN32,MEDIUM
400,DATASET_2,FACE_DETECT,0,0,119,120,WINDOWS_10_WIN32,MEDIUM
401,DATASET_2,FACE_DETECT,1,0,143,143,WINDOWS_10_WIN32,MEDIUM
402,DATASET_2,FACE_DETECT,1,0,120,123,WINDOWS_10_WIN32,MEDIUM
403,DATASET_2,FACE_DETECT,2,0,124,126,WINDOWS_10_WIN32,MEDIUM
404,DATASET_2,FACE_DETECT,2,0,168,169,WINDOWS_10_WIN32,MEDIUM
405,DATASET_2,FACE_DETECT,1,0,134,136,WINDOWS_10_WIN32,MEDIUM
406,DATASET_2,FACE_DETECT,1,0,121,122,WINDOWS_10_WIN32,MEDIUM
407,DATASET_2,FACE_DETECT,1,0,118,120,WINDOWS_10_WIN32,MEDIUM
408,DATASET_2,FACE_DETECT,1,0,121,122,WINDOWS_10_WIN32,MEDIUM
409,DATASET_2,FACE_DETECT,1,0,124,126,WINDOWS_10_WIN32,MEDIUM
410,DATASET_2,FACE_DETECT,2,0,122,123,WINDOWS_10_WIN32,MEDIUM
411,DATASET_2,FACE_DETECT,1,0,118,119,WINDOWS_10_WIN32,MEDIUM
412,DATASET_2,FACE_DETECT,1,0,126,127,WINDOWS_10_WIN32,MEDIUM
413,DATASET_2,FACE_DETECT,0,0,121,123,WINDOWS_10_WIN32,MEDIUM
414,DATASET_2,FACE_DETECT,0,0,120,122,WINDOWS_10_WIN32,MEDIUM
415,DATASET_2,FACE_DETECT,0,0,121,122,WINDOWS_10_WIN32,MEDIUM
416,DATASET_2,FACE_DETECT,0,0,109,111,WINDOWS_10_WIN32,MEDIUM
417,DATASET_2,FACE_DETECT,2,0,122,125,WINDOWS_10_WIN32,MEDIUM
418,DATASET_2,FACE_DETECT,2,0,109,110,WINDOWS_10_WIN32,MEDIUM
419,DATASET_2,FACE_DETECT,1,0,120,122,WINDOWS_10_WIN32,MEDIUM
420,DATASET_2,FACE_DETECT,1,0,117,118,WINDOWS_10_WIN32,MEDIUM
421,DATASET_2,FACE_DETECT,1,0,121,123,WINDOWS_10_WIN32,MEDIUM
422,DATASET_2,FACE_DETECT,0,0,119,121,WINDOWS_10_WIN32,MEDIUM
423,DATASET_2,FACE_DETECT,0,0,117,119,WINDOWS_10_WIN32,MEDIUM
424,DATASET_2,FACE_DETECT,0,0,109,110,WINDOWS_10_WIN32,MEDIUM
425,DATASET_2,FACE_DETECT,1,0,114,116,WINDOWS_10_WIN32,MEDIUM
426,DATASET_2,FACE_DETECT,0,0,114,116,WINDOWS_10_WIN32,MEDIUM
427,DATASET_2,FACE_DETECT,0,0,121,126,WINDOWS_10_WIN32,MEDIUM
428,DATASET_2,FACE_DETECT,0,0,114,115,WINDOWS_10_WIN32,MEDIUM
429,DATASET_2,FACE_DETECT,1,0,145,147,WINDOWS_10_WIN32,MEDIUM
430,DATASET_2,FACE_DETECT,1,0,120,123,WINDOWS_10_WIN32,MEDIUM
431,DATASET_2,FACE_DETECT,1,0,121,122,WINDOWS_10_WIN32,MEDIUM
432,DATASET_2,FACE_DETECT,0,0,114,115,WINDOWS_10_WIN32,MEDIUM
433,DATASET_2,FACE_DETECT,0,0,113,115,WINDOWS_10_WIN32,MEDIUM
434,DATASET_2,FACE_DETECT,1,0,112,113,WINDOWS_10_WIN32,MEDIUM
435,DATASET_2,FACE_DETECT,1,0,127,129,WINDOWS_10_WIN32,MEDIUM
436,DATASET_2,FACE_DETECT,1,0,117,119,WINDOWS_10_WIN32,MEDIUM
437,DATASET_2,FACE_DETECT,1,0,120,123,WINDOWS_10_WIN32,MEDIUM
438,DATASET_2,FACE_DETECT,1,0,118,119,WINDOWS_10_WIN32,MEDIUM
439,DATASET_2,FACE_DETECT,1,0,115,118,WINDOWS_10_WIN32,MEDIUM
440,DATASET_2,FACE_DETECT,0,0,108,110,WINDOWS_10_WIN32,MEDIUM
441,DATASET_2,FACE_DETECT,1,0,111,113,WINDOWS_10_WIN32,MEDIUM
442,DATASET_2,FACE_DETECT,1,0,127,129,WINDOWS_10_WIN32,MEDIUM
443,DATASET_2,FACE_DETECT,0,0,116,117,WINDOWS_10_WIN32,MEDIUM
444,DATASET_2,FACE_DETECT,0,0,118,119,WINDOWS_10_WIN32,MEDIUM
445,DATASET_2,FACE_DETECT,0,0,121,124,WINDOWS_10_WIN32,MEDIUM
446,DATASET_2,FACE_DETECT,0,0,120,122,WINDOWS_10_WIN32,MEDIUM
447,DATASET_2,FACE_DETECT,0,0,128,129,WINDOWS_10_WIN32,MEDIUM
448,DATASET_2,FACE_DETECT,0,0,129,132,WINDOWS_10_WIN32,MEDIUM
449,DATASET_2,FACE_DETECT,1,0,122,124,WINDOWS_10_WIN32,MEDIUM
450,DATASET_2,FACE_DETECT,1,0,112,113,WINDOWS_10_WIN32,MEDIUM
451,DATASET_2,FACE_DETECT,0,0,126,129,WINDOWS_10_WIN32,MEDIUM
452,DATASET_2,FACE_DETECT,0,0,124,126,WINDOWS_10_WIN32,MEDIUM
453,DATASET_2,FACE_DETECT,0,0,133,135,WINDOWS_10_WIN32,MEDIUM
454,DATASET_2,FACE_DETECT,0,0,124,126,WINDOWS_10_WIN32,MEDIUM
455,DATASET_2,FACE_DETECT,0,0,121,123,WINDOWS_10_WIN32,MEDIUM
456,DATASET_2,FACE_DETECT,0,0,116,117,WINDOWS_10_WIN32,MEDIUM
457,DATASET_2,FACE_DETECT,0,0,119,120,WINDOWS_10_WIN32,MEDIUM
458,DATASET_2,FACE_DETECT,0,0,126,127,WINDOWS_10_WIN32,MEDIUM
459,DATASET_2,FACE_DETECT,0,0,122,124,WINDOWS_10_WIN32,MEDIUM
460,DATASET_2,FACE_DETECT,0,0,127,129,WINDOWS_10_WIN32,MEDIUM
461,DATASET_2,FACE_DETECT,0,0,135,137,WINDOWS_10_WIN32,MEDIUM
462,DATASET_2,FACE_DETECT,2,0,118,119,WINDOWS_10_WIN32,MEDIUM
463,DATASET_2,FACE_DETECT,0,0,116,118,WINDOWS_10_WIN32,MEDIUM
464,DATASET_2,FACE_DETECT,0,0,127,129,WINDOWS_10_WIN32,MEDIUM
465,DATASET_2,FACE_DETECT,1,0,126,127,WINDOWS_10_WIN32,MEDIUM
466,DATASET_2,FACE_DETECT,1,0,119,122,WINDOWS_10_WIN32,MEDIUM
467,DATASET_2,FACE_DETECT,1,0,120,121,WINDOWS_10_WIN32,MEDIUM
468,DATASET_2,FACE_DETECT,1,0,122,124,WINDOWS_10_WIN32,MEDIUM
469,DATASET_2,FACE_DETECT,1,0,122,125,WINDOWS_10_WIN32,MEDIUM
470,DATASET_2,FACE_DETECT,0,0,129,130,WINDOWS_10_WIN32,MEDIUM
471,DATASET_2,FACE_DETECT,1,0,125,128,WINDOWS_10_WIN32,MEDIUM
472,DATASET_2,FACE_DETECT,0,0,115,116,WINDOWS_10_WIN32,MEDIUM
473,DATASET_2,FACE_DETECT,1,0,135,136,WINDOWS_10_WIN32,MEDIUM
474,DATASET_2,FACE_DETECT,1,0,122,122,WINDOWS_10_WIN32,MEDIUM
475,DATASET_2,FACE_DETECT,2,0,117,119,WINDOWS_10_WIN32,MEDIUM
476,DATASET_2,FACE_DETECT,1,0,129,131,WINDOWS_10_WIN32,MEDIUM
477,DATASET_2,FACE_DETECT,1,0,107,108,WINDOWS_10_WIN32,MEDIUM
478,DATASET_2,FACE_DETECT,1,0,116,118,WINDOWS_10_WIN32,MEDIUM
479,DATASET_2,FACE_DETECT,1,0,131,133,WINDOWS_10_WIN32,MEDIUM
480,DATASET_2,FACE_DETECT,1,0,119,121,WINDOWS_10_WIN32,MEDIUM
481,DATASET_2,FACE_DETECT,1,0,118,120,WINDOWS_10_WIN32,MEDIUM
482,DATASET_2,FACE_DETECT,1,0,108,109,WINDOWS_10_WIN32,MEDIUM
483,DATASET_2,FACE_DETECT,0,0,144,146,WINDOWS_10_WIN32,MEDIUM
484,DATASET_2,FACE_DETECT,0,0,142,143,WINDOWS_10_WIN32,MEDIUM
485,DATASET_2,FACE_DETECT,1,0,177,178,WINDOWS_10_WIN32,MEDIUM
486,DATASET_2,FACE_DETECT,3,0,172,173,WINDOWS_10_WIN32,MEDIUM
487,DATASET_2,FACE_DETECT,0,0,149,151,WINDOWS_10_WIN32,MEDIUM
488,DATASET_2,FACE_DETECT,1,0,162,163,WINDOWS_10_WIN32,MEDIUM
489,DATASET_2,FACE_DETECT,1,0,161,162,WINDOWS_10_WIN32,MEDIUM
490,DATASET_2,FACE_DETECT,0,0,153,154,WINDOWS_10_WIN32,MEDIUM
491,DATASET_2,FACE_DETECT,1,0,146,147,WINDOWS_10_WIN32,MEDIUM
492,DATASET_2,FACE_DETECT,0,0,147,148,WINDOWS_10_WIN32,MEDIUM
493,DATASET_2,FACE_DETECT,0,0,148,150,WINDOWS_10_WIN32,MEDIUM
494,DATASET_2,FACE_DETECT,0,0,154,156,WINDOWS_10_WIN32,MEDIUM
495,DATASET_2,FACE_DETECT,0,0,176,177,WINDOWS_10_WIN32,MEDIUM
496,DATASET_2,FACE_DETECT,0,0,152,154,WINDOWS_10_WIN32,MEDIUM
497,DATASET_2,FACE_DETECT,0,0,164,166,WINDOWS_10_WIN32,MEDIUM
498,DATASET_2,FACE_DETECT,0,0,151,152,WINDOWS_10_WIN32,MEDIUM
499,DATASET_2,FACE_DETECT,0,0,153,155,WINDOWS_10_WIN32,MEDIUM
500,DATASET_2,FACE_DETECT,0,0,191,192,WINDOWS_10_WIN32,MEDIUM
501,DATASET_2,FACE_DETECT,0,0,150,152,WINDOWS_10_WIN32,MEDIUM
502,DATASET_2,FACE_DETECT,0,0,220,223,WINDOWS_10_WIN32,MEDIUM
503,DATASET_2,FACE_DETECT,0,0,163,164,WINDOWS_10_WIN32,MEDIUM
504,DATASET_2,FACE_DETECT,0,0,192,193,WINDOWS_10_WIN32,MEDIUM
505,DATASET_2,FACE_DETECT,0,0,146,148,WINDOWS_10_WIN32,MEDIUM
506,DATASET_2,FACE_DETECT,0,0,152,153,WINDOWS_10_WIN32,MEDIUM
507,DATASET_2,FACE_DETECT,0,0,149,150,WINDOWS_10_WIN32,MEDIUM
508,DATASET_2,FACE_DETECT,0,0,156,158,WINDOWS_10_WIN32,MEDIUM
509,DATASET_2,FACE_DETECT,0,0,160,161,WINDOWS_10_WIN32,MEDIUM
510,DATASET_2,FACE_DETECT,0,0,168,169,WINDOWS_10_WIN32,MEDIUM
511,DATASET_2,FACE_DETECT,0,0,159,162,WINDOWS_10_WIN32,MEDIUM
512,DATASET_2,FACE_DETECT,0,0,146,147,WINDOWS_10_WIN32,MEDIUM
513,DATASET_2,FACE_DETECT,0,0,145,146,WINDOWS_10_WIN32,MEDIUM
514,DATASET_2,FACE_DETECT,0,0,160,162,WINDOWS_10_WIN32,MEDIUM
515,DATASET_2,FACE_DETECT,0,0,142,144,WINDOWS_10_WIN32,MEDIUM
516,DATASET_2,FACE_DETECT,0,0,137,139,WINDOWS_10_WIN32,MEDIUM
517,DATASET_2,FACE_DETECT,0,0,151,152,WINDOWS_10_WIN32,MEDIUM
518,DATASET_2,FACE_DETECT,0,0,138,140,WINDOWS_10_WIN32,MEDIUM
519,DATASET_2,FACE_DETECT,0,0,144,146,WINDOWS_10_WIN32,MEDIUM
520,DATASET_2,FACE_DETECT,0,0,137,138,WINDOWS_10_WIN32,MEDIUM
521,DATASET_2,FACE_DETECT,1,0,153,154,WINDOWS_10_WIN32,MEDIUM
522,DATASET_2,FACE_DETECT,0,0,176,177,WINDOWS_10_WIN32,MEDIUM
523,DATASET_2,FACE_DETECT,0,0,151,153,WINDOWS_10_WIN32,MEDIUM
524,DATASET_2,FACE_DETECT,0,0,133,134,WINDOWS_10_WIN32,MEDIUM
525,DATASET_2,FACE_DETECT,0,0,140,141,WINDOWS_10_WIN32,MEDIUM
526,DATASET_2,FACE_DETECT,0,0,141,144,WINDOWS_10_WIN32,MEDIUM
527,DATASET_2,FACE_DETECT,0,0,138,139,WINDOWS_10_WIN32,MEDIUM
528,DATASET_2,FACE_DETECT,0,0,129,130,WINDOWS_10_WIN32,MEDIUM
529,DATASET_2,FACE_DETECT,0,0,139,141,WINDOWS_10_WIN32,MEDIUM
530,DATASET_2,FACE_DETECT,0,0,137,138,WINDOWS_10_WIN32,MEDIUM
531,DATASET_2,FACE_DETECT,0,0,169,170,WINDOWS_10_WIN32,MEDIUM
532,DATASET_2,FACE_DETECT,0,0,200,201,WINDOWS_10_WIN32,MEDIUM
533,DATASET_2,FACE_DETECT,0,0,141,142,WINDOWS_10_WIN32,MEDIUM
534,DATASET_2,FACE_DETECT,0,0,166,167,WINDOWS_10_WIN32,MEDIUM
535,DATASET_2,FACE_DETECT,0,0,157,160,WINDOWS_10_WIN32,MEDIUM
536,DATASET_2,FACE_DETECT,0,0,128,129,WINDOWS_10_WIN32,MEDIUM
537,DATASET_2,FACE_DETECT,0,0,143,144,WINDOWS_10_WIN32,MEDIUM
538,DATASET_2,FACE_DETECT,0,0,133,135,WINDOWS_10_WIN32,MEDIUM
539,DATASET_2,FACE_DETECT,2,0,164,166,WINDOWS_10_WIN32,MEDIUM
540,DATASET_2,FACE_DETECT,2,0,129,130,WINDOWS_10_WIN32,MEDIUM
541,DATASET_2,FACE_DETECT,2,0,146,148,WINDOWS_10_WIN32,MEDIUM
542,DATASET_2,FACE_DETECT,1,0,155,157,WINDOWS_10_WIN32,MEDIUM
543,DATASET_2,FACE_DETECT,1,0,135,136,WINDOWS_10_WIN32,MEDIUM
544,DATASET_2,FACE_DETECT,2,0,148,150,WINDOWS_10_WIN32,MEDIUM
545,DATASET_2,FACE_DETECT,1,0,136,137,WINDOWS_10_WIN32,MEDIUM
546,DATASET_2,FACE_DETECT,1,0,134,135,WINDOWS_10_WIN32,MEDIUM
547,DATASET_2,FACE_DETECT,1,0,133,135,WINDOWS_10_WIN32,MEDIUM
548,DATASET_2,FACE_DETECT,1,0,159,160,WINDOWS_10_WIN32,MEDIUM
549,DATASET_2,FACE_DETECT,1,0,140,141,WINDOWS_10_WIN32,MEDIUM
550,DATASET_2,FACE_DETECT,1,0,135,137,WINDOWS_10_WIN32,MEDIUM
551,DATASET_2,FACE_DETECT,1,0,127,128,WINDOWS_10_WIN32,MEDIUM
552,DATASET_2,FACE_DETECT,1,0,130,131,WINDOWS_10_WIN32,MEDIUM
553,DATASET_2,FACE_DETECT,1,0,142,143,WINDOWS_10_WIN32,MEDIUM
554,DATASET_2,FACE_DETECT,1,0,119,120,WINDOWS_10_WIN32,MEDIUM
555,DATASET_2,FACE_DETECT,1,0,128,129,WINDOWS_10_WIN32,MEDIUM
556,DATASET_2,FACE_DETECT,1,0,124,125,WINDOWS_10_WIN32,MEDIUM
557,DATASET_2,FACE_DETECT,1,0,134,135,WINDOWS_10_WIN32,MEDIUM
558,DATASET_2,FACE_DETECT,1,0,145,146,WINDOWS_10_WIN32,MEDIUM
559,DATASET_2,FACE_DETECT,1,0,127,129,WINDOWS_10_WIN32,MEDIUM
560,DATASET_2,FACE_DETECT,1,0,124,125,WINDOWS_10_WIN32,MEDIUM
561,DATASET_2,FACE_DETECT,1,0,130,131,WINDOWS_10_WIN32,MEDIUM
562,DATASET_2,FACE_DETECT,1,0,142,143,WINDOWS_10_WIN32,MEDIUM
563,DATASET_2,FACE_DETECT,1,0,128,129,WINDOWS_10_WIN32,MEDIUM
564,DATASET_2,FACE_DETECT,1,0,130,131,WINDOWS_10_WIN32,MEDIUM
565,DATASET_2,FACE_DETECT,1,0,130,131,WINDOWS_10_WIN32,MEDIUM
566,DATASET_2,FACE_DETECT,1,0,140,142,WINDOWS_10_WIN32,MEDIUM
567,DATASET_2,FACE_DETECT,1,0,132,133,WINDOWS_10_WIN32,MEDIUM
568,DATASET_2,FACE_DETECT,2,0,143,144,WINDOWS_10_WIN32,MEDIUM
569,DATASET_2,FACE_DETECT,1,0,133,134,WINDOWS_10_WIN32,MEDIUM
570,DATASET_2,FACE_DETECT,2,0,176,177,WINDOWS_10_WIN32,MEDIUM
571,DATASET_2,FACE_DETECT,2,0,132,133,WINDOWS_10_WIN32,MEDIUM
572,DATASET_2,FACE_DETECT,1,0,133,134,WINDOWS_10_WIN32,MEDIUM
573,DATASET_2,FACE_DETECT,2,0,136,137,WINDOWS_10_WIN32,MEDIUM
574,DATASET_2,FACE_DETECT,2,0,126,127,WINDOWS_10_WIN32,MEDIUM
575,DATASET_2,FACE_DETECT,1,0,135,137,WINDOWS_10_WIN32,MEDIUM
576,DATASET_2,FACE_DETECT,2,0,133,134,WINDOWS_10_WIN32,MEDIUM
577,DATASET_2,FACE_DETECT,2,0,136,137,WINDOWS_10_WIN32,MEDIUM
578,DATASET_2,FACE_DETECT,2,0,134,135,WINDOWS_10_WIN32,MEDIUM
579,DATASET_2,FACE_DETECT,2,0,145,146,WINDOWS_10_WIN32,MEDIUM
580,DATASET_2,FACE_DETECT,2,0,145,146,WINDOWS_10_WIN32,MEDIUM
581,DATASET_2,FACE_DETECT,2,0,130,131,WINDOWS_10_WIN32,MEDIUM
582,DATASET_2,FACE_DETECT,2,0,135,136,WINDOWS_10_WIN32,MEDIUM
583,DATASET_2,FACE_DETECT,2,0,141,142,WINDOWS_10_WIN32,MEDIUM
584,DATASET_2,FACE_DETECT,2,0,135,136,WINDOWS_10_WIN32,MEDIUM
585,DATASET_2,FACE_DETECT,2,0,135,137,WINDOWS_10_WIN32,MEDIUM
586,DATASET_2,FACE_DETECT,2,0,135,136,WINDOWS_10_WIN32,MEDIUM
587,DATASET_2,FACE_DETECT,2,0,131,132,WINDOWS_10_WIN32,MEDIUM
588,DATASET_2,FACE_DETECT,1,0,137,139,WINDOWS_10_WIN32,MEDIUM
589,DATASET_2,FACE_DETECT,2,0,136,137,WINDOWS_10_WIN32,MEDIUM
590,DATASET_2,FACE_DETECT,2,0,134,135,WINDOWS_10_WIN32,MEDIUM
591,DATASET_2,FACE_DETECT,1,0,128,129,WINDOWS_10_WIN32,MEDIUM
592,DATASET_2,FACE_DETECT,1,0,128,129,WINDOWS_10_WIN32,MEDIUM
593,DATASET_2,FACE_DETECT,1,0,131,133,WINDOWS_10_WIN32,MEDIUM
594,DATASET_2,FACE_DETECT,1,0,186,187,WINDOWS_10_WIN32,MEDIUM
595,DATASET_2,FACE_DETECT,1,0,151,152,WINDOWS_10_WIN32,MEDIUM
596,DATASET_2,FACE_DETECT,1,0,150,152,WINDOWS_10_WIN32,MEDIUM
597,DATASET_2,FACE_DETECT,1,0,129,130,WINDOWS_10_WIN32,MEDIUM
598,DATASET_2,FACE_DETECT,0,0,131,132,WINDOWS_10_WIN32,MEDIUM
599,DATASET_2,FACE_DETECT,0,0,134,135,WINDOWS_10_WIN32,MEDIUM
600,DATASET_2,FACE_DETECT,0,0,135,136,WINDOWS_10_WIN32,MEDIUM
601,DATASET_2,FACE_DETECT,0,0,136,137,WINDOWS_10_WIN32,MEDIUM
602,DATASET_2,FACE_DETECT,0,0,130,132,WINDOWS_10_WIN32,MEDIUM
603,DATASET_2,FACE_DETECT,0,0,137,138,WINDOWS_10_WIN32,MEDIUM
604,DATASET_2,FACE_DETECT,0,0,136,137,WINDOWS_10_WIN32,MEDIUM
605,DATASET_2,FACE_DETECT,0,0,124,125,WINDOWS_10_WIN32,MEDIUM
606,DATASET_2,FACE_DETECT,0,0,147,148,WINDOWS_10_WIN32,MEDIUM
607,DATASET_2,FACE_DETECT,1,0,131,132,WINDOWS_10_WIN32,MEDIUM
608,DATASET_2,FACE_DETECT,0,0,143,144,WINDOWS_10_WIN32,MEDIUM
609,DATASET_2,FACE_DETECT,0,0,156,157,WINDOWS_10_WIN32,MEDIUM
610,DATASET_2,FACE_DETECT,0,0,128,129,WINDOWS_10_WIN32,MEDIUM
611,DATASET_2,FACE_DETECT,0,0,148,149,WINDOWS_10_WIN32,MEDIUM
612,DATASET_2,FACE_DETECT,0,0,127,128,WINDOWS_10_WIN32,MEDIUM
613,DATASET_2,FACE_DETECT,0,0,138,139,WINDOWS_10_WIN32,MEDIUM
614,DATASET_2,FACE_DETECT,0,0,138,139,WINDOWS_10_WIN32,MEDIUM
615,DATASET_2,FACE_DETECT,0,0,135,136,WINDOWS_10_WIN32,MEDIUM
616,DATASET_2,FACE_DETECT,1,0,135,136,WINDOWS_10_WIN32,MEDIUM
617,DATASET_2,FACE_DETECT,0,0,138,139,WINDOWS_10_WIN32,MEDIUM
618,DATASET_2,FACE_DETECT,0,0,131,132,WINDOWS_10_WIN32,MEDIUM
619,DATASET_2,FACE_DETECT,0,0,145,146,WINDOWS_10_WIN32,MEDIUM
620,DATASET_2,FACE_DETECT,0,0,137,139,WINDOWS_10_WIN32,MEDIUM
621,DATASET_2,FACE_DETECT,0,0,127,128,WINDOWS_10_WIN32,MEDIUM
622,DATASET_2,FACE_DETECT,0,0,142,143,WINDOWS_10_WIN32,MEDIUM
623,DATASET_2,FACE_DETECT,0,0,137,138,WINDOWS_10_WIN32,MEDIUM
624,DATASET_2,FACE_DETECT,0,0,149,151,WINDOWS_10_WIN32,MEDIUM
625,DATASET_2,FACE_DETECT,0,0,137,138,WINDOWS_10_WIN32,MEDIUM
626,DATASET_2,FACE_DETECT,0,0,163,164,WINDOWS_10_WIN32,MEDIUM
627,DATASET_2,FACE_DETECT,0,0,140,141,WINDOWS_10_WIN32,MEDIUM
628,DATASET_2,FACE_DETECT,0,0,135,136,WINDOWS_10_WIN32,MEDIUM
629,DATASET_2,FACE_DETECT,0,0,151,153,WINDOWS_10_WIN32,MEDIUM
630,DATASET_2,FACE_DETECT,0,0,140,141,WINDOWS_10_WIN32,MEDIUM
631,DATASET_2,FACE_DETECT,0,0,137,138,WINDOWS_10_WIN32,MEDIUM
632,DATASET_2,FACE_DETECT,0,0,134,136,WINDOWS_10_WIN32,MEDIUM
633,DATASET_2,FACE_DETECT,0,0,140,142,WINDOWS_10_WIN32,MEDIUM
634,DATASET_2,FACE_DETECT,0,0,155,156,WINDOWS_10_WIN32,MEDIUM
635,DATASET_2,FACE_DETECT,0,0,148,150,WINDOWS_10_WIN32,MEDIUM
636,DATASET_2,FACE_DETECT,0,0,144,145,WINDOWS_10_WIN32,MEDIUM
637,DATASET_2,FACE_DETECT,0,0,140,141,WINDOWS_10_WIN32,MEDIUM
638,DATASET_2,FACE_DETECT,0,0,148,150,WINDOWS_10_WIN32,MEDIUM
639,DATASET_2,FACE_DETECT,1,0,159,160,WINDOWS_10_WIN32,MEDIUM
640,DATASET_2,FACE_DETECT,0,0,151,153,WINDOWS_10_WIN32,MEDIUM
641,DATASET_2,FACE_DETECT,1,0,133,134,WINDOWS_10_WIN32,MEDIUM
642,DATASET_2,FACE_DETECT,1,0,138,139,WINDOWS_10_WIN32,MEDIUM
643,DATASET_2,FACE_DETECT,0,0,149,151,WINDOWS_10_WIN32,MEDIUM
644,DATASET_2,FACE_DETECT,1,0,142,144,WINDOWS_10_WIN32,MEDIUM
645,DATASET_2,FACE_DETECT,0,0,141,142,WINDOWS_10_WIN32,MEDIUM
646,DATASET_2,FACE_DETECT,1,0,161,163,WINDOWS_10_WIN32,MEDIUM
647,DATASET_2,FACE_DETECT,0,0,156,157,WINDOWS_10_WIN32,MEDIUM
648,DATASET_2,FACE_DETECT,0,0,150,151,WINDOWS_10_WIN32,MEDIUM
649,DATASET_2,FACE_DETECT,0,0,134,135,WINDOWS_10_WIN32,MEDIUM
650,DATASET_2,FACE_DETECT,0,0,139,140,WINDOWS_10_WIN32,MEDIUM
651,DATASET_2,FACE_DETECT,2,0,139,140,WINDOWS_10_WIN32,MEDIUM
652,DATASET_2,FACE_DETECT,2,0,134,135,WINDOWS_10_WIN32,MEDIUM
653,DATASET_2,FACE_DETECT,1,0,136,137,WINDOWS_10_WIN32,MEDIUM
654,DATASET_2,FACE_DETECT,2,0,161,162,WINDOWS_10_WIN32,MEDIUM
655,DATASET_2,FACE_DETECT,0,0,159,160,WINDOWS_10_WIN32,MEDIUM
656,DATASET_2,FACE_DETECT,0,0,132,133,WINDOWS_10_WIN32,MEDIUM
657,DATASET_2,FACE_DETECT,0,0,178,179,WINDOWS_10_WIN32,MEDIUM
658,DATASET_2,FACE_DETECT,0,0,145,146,WINDOWS_10_WIN32,MEDIUM
659,DATASET_2,FACE_DETECT,0,0,145,146,WINDOWS_10_WIN32,MEDIUM
660,DATASET_2,FACE_DETECT,1,0,146,148,WINDOWS_10_WIN32,MEDIUM
661,DATASET_2,FACE_DETECT,0,0,149,151,WINDOWS_10_WIN32,MEDIUM
662,DATASET_2,FACE_DETECT,0,0,144,147,WINDOWS_10_WIN32,MEDIUM
663,DATASET_2,FACE_DETECT,0,0,150,152,WINDOWS_10_WIN32,MEDIUM
664,DATASET_2,FACE_DETECT,0,0,138,140,WINDOWS_10_WIN32,MEDIUM
665,DATASET_2,FACE_DETECT,0,0,142,143,WINDOWS_10_WIN32,MEDIUM
666,DATASET_2,FACE_DETECT,1,0,137,139,WINDOWS_10_WIN32,MEDIUM
667,DATASET_2,FACE_DETECT,1,0,135,136,WINDOWS_10_WIN32,MEDIUM
668,DATASET_2,FACE_DETECT,2,0,139,141,WINDOWS_10_WIN32,MEDIUM
669,DATASET_2,FACE_DETECT,2,0,134,135,WINDOWS_10_WIN32,MEDIUM
670,DATASET_2,FACE_DETECT,2,0,135,136,WINDOWS_10_WIN32,MEDIUM
671,DATASET_2,FACE_DETECT,2,0,145,147,WINDOWS_10_WIN32,MEDIUM
672,DATASET_2,FACE_DETECT,2,0,133,134,WINDOWS_10_WIN32,MEDIUM
673,DATASET_2,FACE_DETECT,4,0,139,140,WINDOWS_10_WIN32,MEDIUM
674,DATASET_2,FACE_DETECT,1,0,137,139,WINDOWS_10_WIN32,MEDIUM
675,DATASET_2,FACE_DETECT,1,0,134,135,WINDOWS_10_WIN32,MEDIUM
676,DATASET_2,FACE_DETECT,1,0,129,130,WINDOWS_10_WIN32,MEDIUM
677,DATASET_2,FACE_DETECT,0,0,130,131,WINDOWS_10_WIN32,MEDIUM
678,DATASET_2,FACE_DETECT,1,0,136,138,WINDOWS_10_WIN32,MEDIUM
679,DATASET_2,FACE_DETECT,0,0,132,133,WINDOWS_10_WIN32,MEDIUM
680,DATASET_2,FACE_DETECT,1,0,128,129,WINDOWS_10_WIN32,MEDIUM
681,DATASET_2,FACE_DETECT,0,0,132,135,WINDOWS_10_WIN32,MEDIUM
682,DATASET_2,FACE_DETECT,1,0,127,128,WINDOWS_10_WIN32,MEDIUM
683,DATASET_2,FACE_DETECT,0,0,131,133,WINDOWS_10_WIN32,MEDIUM
684,DATASET_2,FACE_DETECT,1,0,133,136,WINDOWS_10_WIN32,MEDIUM
685,DATASET_2,FACE_DETECT,0,0,127,128,WINDOWS_10_WIN32,MEDIUM
686,DATASET_2,FACE_DETECT,0,0,125,126,WINDOWS_10_WIN32,MEDIUM
687,DATASET_2,FACE_DETECT,0,0,127,128,WINDOWS_10_WIN32,MEDIUM
688,DATASET_2,FACE_DETECT,0,0,128,129,WINDOWS_10_WIN32,MEDIUM
689,DATASET_2,FACE_DETECT,0,0,132,133,WINDOWS_10_WIN32,MEDIUM
690,DATASET_2,FACE_DETECT,0,0,127,128,WINDOWS_10_WIN32,MEDIUM
691,DATASET_2,FACE_DETECT,1,0,129,130,WINDOWS_10_WIN32,MEDIUM
692,DATASET_2,FACE_DETECT,0,0,134,137,WINDOWS_10_WIN32,MEDIUM
693,DATASET_2,FACE_DETECT,0,0,136,139,WINDOWS_10_WIN32,MEDIUM
694,DATASET_2,FACE_DETECT,0,0,122,124,WINDOWS_10_WIN32,MEDIUM
695,DATASET_2,FACE_DETECT,0,0,126,128,WINDOWS_10_WIN32,MEDIUM
696,DATASET_2,FACE_DETECT,0,0,130,131,WINDOWS_10_WIN32,MEDIUM
697,DATASET_2,FACE_DETECT,0,0,129,130,WINDOWS_10_WIN32,MEDIUM
698,DATASET_2,FACE_DETECT,0,0,128,130,WINDOWS_10_WIN32,MEDIUM
699,DATASET_2,FACE_DETECT,1,0,126,127,WINDOWS_10_WIN32,MEDIUM
700,DATASET_2,FACE_DETECT,1,0,129,131,WINDOWS_10_WIN32,MEDIUM
701,DATASET_2,FACE_DETECT,1,0,142,144,WINDOWS_10_WIN32,MEDIUM
702,DATASET_2,FACE_DETECT,1,0,129,131,WINDOWS_10_WIN32,MEDIUM
703,DATASET_2,FACE_DETECT,1,0,129,131,WINDOWS_10_WIN32,MEDIUM
704,DATASET_2,FACE_DETECT,1,0,121,122,WINDOWS_10_WIN32,MEDIUM
705,DATASET_2,FACE_DETECT,1,0,126,127,WINDOWS_10_WIN32,MEDIUM
706,DATASET_2,FACE_DETECT,2,0,125,126,WINDOWS_10_WIN32,MEDIUM
707,DATASET_2,FACE_DETECT,1,0,131,132,WINDOWS_10_WIN32,MEDIUM
708,DATASET_2,FACE_DETECT,1,0,122,123,WINDOWS_10_WIN32,MEDIUM
709,DATASET_2,FACE_DETECT,3,0,127,129,WINDOWS_10_WIN32,MEDIUM
710,DATASET_2,FACE_DETECT,1,0,126,127,WINDOWS_10_WIN32,MEDIUM
711,DATASET_2,FACE_DETECT,1,0,127,130,WINDOWS_10_WIN32,MEDIUM
712,DATASET_2,FACE_DETECT,2,0,119,120,WINDOWS_10_WIN32,MEDIUM
713,DATASET_2,FACE_DETECT,2,0,128,130,WINDOWS_10_WIN32,MEDIUM
714,DATASET_2,FACE_DETECT,1,0,118,119,WINDOWS_10_WIN32,MEDIUM
715,DATASET_2,FACE_DETECT,2,0,138,141,WINDOWS_10_WIN32,MEDIUM
716,DATASET_2,FACE_DETECT,1,0,120,120,WINDOWS_10_WIN32,MEDIUM
717,DATASET_2,FACE_DETECT,1,0,132,134,WINDOWS_10_WIN32,MEDIUM
718,DATASET_2,FACE_DETECT,1,0,131,132,WINDOWS_10_WIN32,MEDIUM
719,DATASET_2,FACE_DETECT,1,0,153,154,WINDOWS_10_WIN32,MEDIUM
720,DATASET_2,FACE_DETECT,1,0,122,123,WINDOWS_10_WIN32,MEDIUM
721,DATASET_2,FACE_DETECT,1,0,127,128,WINDOWS_10_WIN32,MEDIUM
722,DATASET_2,FACE_DETECT,1,0,123,125,WINDOWS_10_WIN32,MEDIUM
723,DATASET_2,FACE_DETECT,1,0,119,122,WINDOWS_10_WIN32,MEDIUM
724,DATASET_2,FACE_DETECT,1,0,132,135,WINDOWS_10_WIN32,MEDIUM
725,DATASET_2,FACE_DETECT,1,0,114,116,WINDOWS_10_WIN32,MEDIUM
726,DATASET_2,FACE_DETECT,1,0,119,120,WINDOWS_10_WIN32,MEDIUM
727,DATASET_2,FACE_DETECT,1,0,122,124,WINDOWS_10_WIN32,MEDIUM
728,DATASET_2,FACE_DETECT,1,0,117,118,WINDOWS_10_WIN32,MEDIUM
729,DATASET_2,FACE_DETECT,1,0,122,123,WINDOWS_10_WIN32,MEDIUM
730,DATASET_2,FACE_DETECT,1,0,124,127,WINDOWS_10_WIN32,MEDIUM
731,DATASET_2,FACE_DETECT,1,0,116,118,WINDOWS_10_WIN32,MEDIUM
732,DATASET_2,FACE_DETECT,0,0,125,127,WINDOWS_10_WIN32,MEDIUM
733,DATASET_2,FACE_DETECT,2,0,120,122,WINDOWS_10_WIN32,MEDIUM
734,DATASET_2,FACE_DETECT,2,0,118,119,WINDOWS_10_WIN32,MEDIUM
735,DATASET_2,FACE_DETECT,2,0,130,133,WINDOWS_10_WIN32,MEDIUM
736,DATASET_2,FACE_DETECT,3,0,120,121,WINDOWS_10_WIN32,MEDIUM
737,DATASET_2,FACE_DETECT,1,0,127,129,WINDOWS_10_WIN32,MEDIUM
738,DATASET_2,FACE_DETECT,0,0,129,130,WINDOWS_10_WIN32,MEDIUM
739,DATASET_2,FACE_DETECT,2,0,131,132,WINDOWS_10_WIN32,MEDIUM
740,DATASET_2,FACE_DETECT,1,0,132,133,WINDOWS_10_WIN32,MEDIUM
741,DATASET_2,FACE_DETECT,2,0,127,129,WINDOWS_10_WIN32,MEDIUM
742,DATASET_2,FACE_DETECT,2,0,134,136,WINDOWS_10_WIN32,MEDIUM
743,DATASET_2,FACE_DETECT,1,0,135,137,WINDOWS_10_WIN32,MEDIUM
744,DATASET_2,FACE_DETECT,2,0,125,128,WINDOWS_10_WIN32,MEDIUM
745,DATASET_2,FACE_DETECT,2,0,123,125,WINDOWS_10_WIN32,MEDIUM
746,DATASET_2,FACE_DETECT,1,0,142,143,WINDOWS_10_WIN32,MEDIUM
747,DATASET_2,FACE_DETECT,2,0,141,143,WINDOWS_10_WIN32,MEDIUM
748,DATASET_2,FACE_DETECT,2,0,135,136,WINDOWS_10_WIN32,MEDIUM
749,DATASET_2,FACE_DETECT,1,0,120,121,WINDOWS_10_WIN32,MEDIUM
750,DATASET_2,FACE_DETECT,2,0,134,136,WINDOWS_10_WIN32,MEDIUM
751,DATASET_2,FACE_DETECT,0,0,123,124,WINDOWS_10_WIN32,MEDIUM
752,DATASET_2,FACE_DETECT,1,0,112,112,WINDOWS_10_WIN32,MEDIUM
753,DATASET_2,FACE_DETECT,3,0,125,127,WINDOWS_10_WIN32,MEDIUM
754,DATASET_2,FACE_DETECT,0,0,119,121,WINDOWS_10_WIN32,MEDIUM
755,DATASET_2,FACE_DETECT,0,0,120,123,WINDOWS_10_WIN32,MEDIUM
756,DATASET_2,FACE_DETECT,0,0,138,140,WINDOWS_10_WIN32,MEDIUM
757,DATASET_2,FACE_DETECT,0,0,114,116,WINDOWS_10_WIN32,MEDIUM
758,DATASET_2,FACE_DETECT,2,0,109,110,WINDOWS_10_WIN32,MEDIUM
759,DATASET_2,FACE_DETECT,1,0,122,123,WINDOWS_10_WIN32,MEDIUM
760,DATASET_2,FACE_DETECT,1,0,125,127,WINDOWS_10_WIN32,MEDIUM
761,DATASET_2,FACE_DETECT,1,0,119,121,WINDOWS_10_WIN32,MEDIUM
762,DATASET_2,FACE_DETECT,1,0,112,113,WINDOWS_10_WIN32,MEDIUM
763,DATASET_2,FACE_DETECT,1,0,115,116,WINDOWS_10_WIN32,MEDIUM
764,DATASET_2,FACE_DETECT,1,0,122,125,WINDOWS_10_WIN32,MEDIUM
765,DATASET_2,FACE_DETECT,1,0,126,128,WINDOWS_10_WIN32,MEDIUM
766,DATASET_2,FACE_DETECT,1,0,115,116,WINDOWS_10_WIN32,MEDIUM
767,DATASET_2,FACE_DETECT,1,0,110,111,WINDOWS_10_WIN32,MEDIUM
768,DATASET_2,FACE_DETECT,1,0,128,130,WINDOWS_10_WIN32,MEDIUM
769,DATASET_2,FACE_DETECT,1,0,107,108,WINDOWS_10_WIN32,MEDIUM
770,DATASET_2,FACE_DETECT,1,0,113,114,WINDOWS_10_WIN32,MEDIUM
771,DATASET_2,FACE_DETECT,2,0,114,115,WINDOWS_10_WIN32,MEDIUM
772,DATASET_2,FACE_DETECT,1,0,115,117,WINDOWS_10_WIN32,MEDIUM
773,DATASET_2,FACE_DETECT,1,0,114,115,WINDOWS_10_WIN32,MEDIUM
774,DATASET_2,FACE_DETECT,1,0,111,112,WINDOWS_10_WIN32,MEDIUM
775,DATASET_2,FACE_DETECT,1,0,125,127,WINDOWS_10_WIN32,MEDIUM
776,DATASET_2,FACE_DETECT,1,0,112,113,WINDOWS_10_WIN32,MEDIUM
777,DATASET_2,FACE_DETECT,1,0,116,117,WINDOWS_10_WIN32,MEDIUM
778,DATASET_2,FACE_DETECT,2,0,123,126,WINDOWS_10_WIN32,MEDIUM
779,DATASET_2,FACE_DETECT,1,0,129,132,WINDOWS_10_WIN32,MEDIUM
780,DATASET_2,FACE_DETECT,3,0,127,129,WINDOWS_10_WIN32,MEDIUM
781,DATASET_2,FACE_DETECT,1,0,123,125,WINDOWS_10_WIN32,MEDIUM
782,DATASET_2,FACE_DETECT,1,0,116,118,WINDOWS_10_WIN32,MEDIUM
783,DATASET_2,FACE_DETECT,1,0,115,117,WINDOWS_10_WIN32,MEDIUM
784,DATASET_2,FACE_DETECT,1,0,116,117,WINDOWS_10_WIN32,MEDIUM
785,DATASET_2,FACE_DETECT,0,0,128,129,WINDOWS_10_WIN32,MEDIUM
786,DATASET_2,FACE_DETECT,0,0,152,153,WINDOWS_10_WIN32,MEDIUM
787,DATASET_2,FACE_DETECT,1,0,133,135,WINDOWS_10_WIN32,MEDIUM
788,DATASET_2,FACE_DETECT,0,0,160,161,WINDOWS_10_WIN32,MEDIUM
789,DATASET_2,FACE_DETECT,0,0,132,136,WINDOWS_10_WIN32,MEDIUM
790,DATASET_2,FACE_DETECT,1,0,117,119,WINDOWS_10_WIN32,MEDIUM
791,DATASET_2,FACE_DETECT,2,0,123,126,WINDOWS_10_WIN32,MEDIUM
792,DATASET_2,FACE_DETECT,2,0,126,128,WINDOWS_10_WIN32,MEDIUM
793,DATASET_2,FACE_DETECT,1,0,123,124,WINDOWS_10_WIN32,MEDIUM
794,DATASET_2,FACE_DETECT,3,0,124,124,WINDOWS_10_WIN32,MEDIUM
795,DATASET_2,FACE_DETECT,0,0,132,133,WINDOWS_10_WIN32,MEDIUM
796,DATASET_2,FACE_DETECT,1,0,138,140,WINDOWS_10_WIN32,MEDIUM
797,DATASET_2,FACE_DETECT,1,0,135,137,WINDOWS_10_WIN32,MEDIUM
798,DATASET_2,FACE_DETECT,0,0,135,137,WINDOWS_10_WIN32,MEDIUM
799,DATASET_2,FACE_DETECT,1,0,127,129,WINDOWS_10_WIN32,MEDIUM
800,DATASET_2,FACE_DETECT,0,0,128,130,WINDOWS_10_WIN32,MEDIUM
801,DATASET_2,FACE_DETECT,1,0,133,134,WINDOWS_10_WIN32,MEDIUM
802,DATASET_2,FACE_DETECT,1,0,131,132,WINDOWS_10_WIN32,MEDIUM
803,DATASET_2,FACE_DETECT,0,0,137,138,WINDOWS_10_WIN32,MEDIUM
804,DATASET_2,FACE_DETECT,1,0,139,142,WINDOWS_10_WIN32,MEDIUM
805,DATASET_2,FACE_DETECT,0,0,134,135,WINDOWS_10_WIN32,MEDIUM
806,DATASET_2,FACE_DETECT,1,0,148,149,WINDOWS_10_WIN32,MEDIUM
807,DATASET_2,FACE_DETECT,0,0,149,150,WINDOWS_10_WIN32,MEDIUM
808,DATASET_2,FACE_DETECT,0,0,127,129,WINDOWS_10_WIN32,MEDIUM
809,DATASET_2,FACE_DETECT,1,0,129,131,WINDOWS_10_WIN32,MEDIUM
810,DATASET_2,FACE_DETECT,1,0,126,127,WINDOWS_10_WIN32,MEDIUM
811,DATASET_2,FACE_DETECT,1,0,128,130,WINDOWS_10_WIN32,MEDIUM
812,DATASET_2,FACE_DETECT,1,0,141,143,WINDOWS_10_WIN32,MEDIUM
813,DATASET_2,FACE_DETECT,1,0,131,133,WINDOWS_10_WIN32,MEDIUM
814,DATASET_2,FACE_DETECT,0,0,132,134,WINDOWS_10_WIN32,MEDIUM
815,DATASET_2,FACE_DETECT,2,0,119,120,WINDOWS_10_WIN32,MEDIUM
816,DATASET_2,FACE_DETECT,0,0,135,137,WINDOWS_10_WIN32,MEDIUM
817,DATASET_2,FACE_DETECT,1,0,132,133,WINDOWS_10_WIN32,MEDIUM
818,DATASET_2,FACE_DETECT,0,0,132,133,WINDOWS_10_WIN32,MEDIUM
819,DATASET_2,FACE_DETECT,1,0,130,131,WINDOWS_10_WIN32,MEDIUM
820,DATASET_2,FACE_DETECT,1,0,128,130,WINDOWS_10_WIN32,MEDIUM
821,DATASET_2,FACE_DETECT,1,0,127,129,WINDOWS_10_WIN32,MEDIUM
822,DATASET_2,FACE_DETECT,1,0,123,124,WINDOWS_10_WIN32,MEDIUM
823,DATASET_2,FACE_DETECT,1,0,128,130,WINDOWS_10_WIN32,MEDIUM
824,DATASET_2,FACE_DETECT,0,0,124,126,WINDOWS_10_WIN32,MEDIUM
825,DATASET_2,FACE_DETECT,0,0,123,126,WINDOWS_10_WIN32,MEDIUM
826,DATASET_2,FACE_DETECT,1,0,114,115,WINDOWS_10_WIN32,MEDIUM
827,DATASET_2,FACE_DETECT,1,0,127,129,WINDOWS_10_WIN32,MEDIUM
828,DATASET_2,FACE_DETECT,1,0,120,122,WINDOWS_10_WIN32,MEDIUM
829,DATASET_2,FACE_DETECT,1,0,131,132,WINDOWS_10_WIN32,MEDIUM
830,DATASET_2,FACE_DETECT,1,0,121,124,WINDOWS_10_WIN32,MEDIUM
831,DATASET_2,FACE_DETECT,0,0,126,127,WINDOWS_10_WIN32,MEDIUM
832,DATASET_2,FACE_DETECT,0,0,129,130,WINDOWS_10_WIN32,MEDIUM
833,DATASET_2,FACE_DETECT,1,0,119,121,WINDOWS_10_WIN32,MEDIUM
834,DATASET_2,FACE_DETECT,1,0,114,116,WINDOWS_10_WIN32,MEDIUM
835,DATASET_2,FACE_DETECT,1,0,127,130,WINDOWS_10_WIN32,MEDIUM
836,DATASET_2,FACE_DETECT,1,0,117,118,WINDOWS_10_WIN32,MEDIUM
837,DATASET_2,FACE_DETECT,2,0,135,138,WINDOWS_10_WIN32,MEDIUM
838,DATASET_2,FACE_DETECT,1,0,115,117,WINDOWS_10_WIN32,MEDIUM
839,DATASET_2,FACE_DETECT,1,0,109,110,WINDOWS_10_WIN32,MEDIUM
840,DATASET_2,FACE_DETECT,1,0,122,123,WINDOWS_10_WIN32,MEDIUM
841,DATASET_2,FACE_DETECT,1,0,123,124,WINDOWS_10_WIN32,MEDIUM
842,DATASET_2,FACE_DETECT,1,0,115,117,WINDOWS_10_WIN32,MEDIUM
843,DATASET_2,FACE_DETECT,2,0,134,136,WINDOWS_10_WIN32,MEDIUM
844,DATASET_2,FACE_DETECT,1,0,117,118,WINDOWS_10_WIN32,MEDIUM
845,DATASET_2,FACE_DETECT,2,0,122,124,WINDOWS_10_WIN32,MEDIUM
846,DATASET_2,FACE_DETECT,3,0,132,135,WINDOWS_10_WIN32,MEDIUM
847,DATASET_2,FACE_DETECT,1,0,128,131,WINDOWS_10_WIN32,MEDIUM
848,DATASET_2,FACE_DETECT,0,0,118,119,WINDOWS_10_WIN32,MEDIUM
849,DATASET_2,FACE_DETECT,0,0,140,142,WINDOWS_10_WIN32,MEDIUM
850,DATASET_2,FACE_DETECT,0,0,113,114,WINDOWS_10_WIN32,MEDIUM
851,DATASET_2,FACE_DETECT,0,0,142,145,WINDOWS_10_WIN32,MEDIUM
852,DATASET_2,FACE_DETECT,0,0,124,127,WINDOWS_10_WIN32,MEDIUM
853,DATASET_2,FACE_DETECT,0,0,121,122,WINDOWS_10_WIN32,MEDIUM
854,DATASET_2,FACE_DETECT,1,0,137,139,WINDOWS_10_WIN32,MEDIUM
855,DATASET_2,FACE_DETECT,1,0,125,127,WINDOWS_10_WIN32,MEDIUM
856,DATASET_2,FACE_DETECT,1,0,125,127,WINDOWS_10_WIN32,MEDIUM
857,DATASET_2,FACE_DETECT,1,0,121,123,WINDOWS_10_WIN32,MEDIUM
858,DATASET_2,FACE_DETECT,1,0,120,122,WINDOWS_10_WIN32,MEDIUM
859,DATASET_2,FACE_DETECT,1,0,116,117,WINDOWS_10_WIN32,MEDIUM
860,DATASET_2,FACE_DETECT,1,0,120,121,WINDOWS_10_WIN32,MEDIUM
861,DATASET_2,FACE_DETECT,1,0,121,122,WINDOWS_10_WIN32,MEDIUM
862,DATASET_2,FACE_DETECT,1,0,113,116,WINDOWS_10_WIN32,MEDIUM
863,DATASET_2,FACE_DETECT,1,0,115,117,WINDOWS_10_WIN32,MEDIUM
864,DATASET_2,FACE_DETECT,1,0,101,103,WINDOWS_10_WIN32,MEDIUM
865,DATASET_2,FACE_DETECT,1,0,109,110,WINDOWS_10_WIN32,MEDIUM
866,DATASET_2,FACE_DETECT,0,0,117,119,WINDOWS_10_WIN32,MEDIUM
867,DATASET_2,FACE_DETECT,1,0,116,117,WINDOWS_10_WIN32,MEDIUM
868,DATASET_2,FACE_DETECT,1,0,121,123,WINDOWS_10_WIN32,MEDIUM
869,DATASET_2,FACE_DETECT,1,0,124,125,WINDOWS_10_WIN32,MEDIUM
870,DATASET_2,FACE_DETECT,1,0,122,124,WINDOWS_10_WIN32,MEDIUM
871,DATASET_2,FACE_DETECT,1,0,122,124,WINDOWS_10_WIN32,MEDIUM
872,DATASET_2,FACE_DETECT,2,0,120,121,WINDOWS_10_WIN32,MEDIUM
873,DATASET_2,FACE_DETECT,0,0,116,117,WINDOWS_10_WIN32,MEDIUM
874,DATASET_2,FACE_DETECT,0,0,122,124,WINDOWS_10_WIN32,MEDIUM
875,DATASET_2,FACE_DETECT,0,0,116,118,WINDOWS_10_WIN32,MEDIUM
876,DATASET_2,FACE_DETECT,0,0,118,121,WINDOWS_10_WIN32,MEDIUM
877,DATASET_2,FACE_DETECT,0,0,116,118,WINDOWS_10_WIN32,MEDIUM
878,DATASET_2,FACE_DETECT,0,0,119,121,WINDOWS_10_WIN32,MEDIUM
879,DATASET_2,FACE_DETECT,0,0,106,106,WINDOWS_10_WIN32,MEDIUM
880,DATASET_2,FACE_DETECT,0,0,125,126,WINDOWS_10_WIN32,MEDIUM
881,DATASET_2,FACE_DETECT,1,0,115,118,WINDOWS_10_WIN32,MEDIUM
882,DATASET_2,FACE_DETECT,0,0,110,110,WINDOWS_10_WIN32,MEDIUM
883,DATASET_2,FACE_DETECT,0,0,137,139,WINDOWS_10_WIN32,MEDIUM
884,DATASET_2,FACE_DETECT,0,0,116,118,WINDOWS_10_WIN32,MEDIUM
885,DATASET_2,FACE_DETECT,0,0,117,119,WINDOWS_10_WIN32,MEDIUM
886,DATASET_2,FACE_DETECT,0,0,114,117,WINDOWS_10_WIN32,MEDIUM
887,DATASET_2,FACE_DETECT,0,0,117,119,WINDOWS_10_WIN32,MEDIUM
888,DATASET_2,FACE_DETECT,0,0,108,109,WINDOWS_10_WIN32,MEDIUM
889,DATASET_2,FACE_DETECT,0,0,109,110,WINDOWS_10_WIN32,MEDIUM
890,DATASET_2,FACE_DETECT,0,0,117,119,WINDOWS_10_WIN32,MEDIUM
891,DATASET_2,FACE_DETECT,1,0,116,118,WINDOWS_10_WIN32,MEDIUM
892,DATASET_2,FACE_DETECT,0,0,117,118,WINDOWS_10_WIN32,MEDIUM
893,DATASET_2,FACE_DETECT,0,0,116,117,WINDOWS_10_WIN32,MEDIUM
894,DATASET_2,FACE_DETECT,0,0,116,118,WINDOWS_10_WIN32,MEDIUM
895,DATASET_2,FACE_DETECT,0,0,118,119,WINDOWS_10_WIN32,MEDIUM
896,DATASET_2,FACE_DETECT,0,0,118,121,WINDOWS_10_WIN32,MEDIUM
897,DATASET_2,FACE_DETECT,0,0,116,118,WINDOWS_10_WIN32,MEDIUM
898,DATASET_2,FACE_DETECT,0,0,110,111,WINDOWS_10_WIN32,MEDIUM
899,DATASET_2,FACE_DETECT,0,0,109,111,WINDOWS_10_WIN32,MEDIUM
900,DATASET_2,FACE_DETECT,2,0,113,115,WINDOWS_10_WIN32,MEDIUM
901,DATASET_2,FACE_DETECT,0,0,124,127,WINDOWS_10_WIN32,MEDIUM
902,DATASET_2,FACE_DETECT,0,0,126,128,WINDOWS_10_WIN32,MEDIUM
903,DATASET_2,FACE_DETECT,1,0,121,123,WINDOWS_10_WIN32,MEDIUM
904,DATASET_2,FACE_DETECT,0,0,126,128,WINDOWS_10_WIN32,MEDIUM
905,DATASET_2,FACE_DETECT,0,0,120,122,WINDOWS_10_WIN32,MEDIUM
906,DATASET_2,FACE_DETECT,0,0,117,119,WINDOWS_10_WIN32,MEDIUM
907,DATASET_2,FACE_DETECT,0,0,109,110,WINDOWS_10_WIN32,MEDIUM
908,DATASET_2,FACE_DETECT,0,0,113,115,WINDOWS_10_WIN32,MEDIUM
909,DATASET_2,FACE_DETECT,0,0,117,118,WINDOWS_10_WIN32,MEDIUM
910,DATASET_2,FACE_DETECT,0,0,114,116,WINDOWS_10_WIN32,MEDIUM
911,DATASET_2,FACE_DETECT,1,0,108,111,WINDOWS_10_WIN32,MEDIUM
912,DATASET_2,FACE_DETECT,0,0,111,114,WINDOWS_10_WIN32,MEDIUM
913,DATASET_2,FACE_DETECT,0,0,118,119,WINDOWS_10_WIN32,MEDIUM
914,DATASET_2,FACE_DETECT,0,0,119,122,WINDOWS_10_WIN32,MEDIUM
915,DATASET_2,FACE_DETECT,0,0,121,122,WINDOWS_10_WIN32,MEDIUM
916,DATASET_2,FACE_DETECT,0,0,120,122,WINDOWS_10_WIN32,MEDIUM
917,DATASET_2,FACE_DETECT,0,0,127,129,WINDOWS_10_WIN32,MEDIUM
918,DATASET_2,FACE_DETECT,1,0,119,120,WINDOWS_10_WIN32,MEDIUM
919,DATASET_2,FACE_DETECT,1,0,120,121,WINDOWS_10_WIN32,MEDIUM
920,DATASET_2,FACE_DETECT,0,0,123,125,WINDOWS_10_WIN32,MEDIUM
921,DATASET_2,FACE_DETECT,0,0,160,161,WINDOWS_10_WIN32,MEDIUM
922,DATASET_2,FACE_DETECT,0,0,132,133,WINDOWS_10_WIN32,MEDIUM
923,DATASET_2,FACE_DETECT,1,0,138,140,WINDOWS_10_WIN32,MEDIUM
924,DATASET_2,FACE_DETECT,0,0,132,133,WINDOWS_10_WIN32,MEDIUM
925,DATASET_2,FACE_DETECT,0,0,122,123,WINDOWS_10_WIN32,MEDIUM
926,DATASET_2,FACE_DETECT,2,0,134,135,WINDOWS_10_WIN32,MEDIUM
927,DATASET_2,FACE_DETECT,0,0,125,127,WINDOWS_10_WIN32,MEDIUM
928,DATASET_2,FACE_DETECT,0,0,122,124,WINDOWS_10_WIN32,MEDIUM
929,DATASET_2,FACE_DETECT,0,0,135,137,WINDOWS_10_WIN32,MEDIUM
930,DATASET_2,FACE_DETECT,0,0,116,118,WINDOWS_10_WIN32,MEDIUM
931,DATASET_2,FACE_DETECT,1,0,117,120,WINDOWS_10_WIN32,MEDIUM
932,DATASET_2,FACE_DETECT,0,0,120,121,WINDOWS_10_WIN32,MEDIUM
933,DATASET_2,FACE_DETECT,1,0,120,121,WINDOWS_10_WIN32,MEDIUM
934,DATASET_2,FACE_DETECT,1,0,127,129,WINDOWS_10_WIN32,MEDIUM
935,DATASET_2,FACE_DETECT,0,0,119,120,WINDOWS_10_WIN32,MEDIUM
936,DATASET_2,FACE_DETECT,0,0,121,123,WINDOWS_10_WIN32,MEDIUM
937,DATASET_2,FACE_DETECT,0,0,127,129,WINDOWS_10_WIN32,MEDIUM
938,DATASET_2,FACE_DETECT,0,0,133,135,WINDOWS_10_WIN32,MEDIUM
939,DATASET_2,FACE_DETECT,1,0,132,134,WINDOWS_10_WIN32,MEDIUM
940,DATASET_2,FACE_DETECT,0,0,128,131,WINDOWS_10_WIN32,MEDIUM
941,DATASET_2,FACE_DETECT,0,0,121,123,WINDOWS_10_WIN32,MEDIUM
942,DATASET_2,FACE_DETECT,0,0,116,118,WINDOWS_10_WIN32,MEDIUM
943,DATASET_2,FACE_DETECT,0,0,129,130,WINDOWS_10_WIN32,MEDIUM
944,DATASET_2,FACE_DETECT,0,0,139,141,WINDOWS_10_WIN32,MEDIUM
945,DATASET_2,FACE_DETECT,0,0,134,136,WINDOWS_10_WIN32,MEDIUM
946,DATASET_2,FACE_DETECT,0,0,130,132,WINDOWS_10_WIN32,MEDIUM
947,DATASET_2,FACE_DETECT,0,0,139,142,WINDOWS_10_WIN32,MEDIUM
948,DATASET_2,FACE_DETECT,0,0,126,128,WINDOWS_10_WIN32,MEDIUM
949,DATASET_2,FACE_DETECT,0,0,135,137,WINDOWS_10_WIN32,MEDIUM
950,DATASET_2,FACE_DETECT,0,0,146,149,WINDOWS_10_WIN32,MEDIUM
951,DATASET_2,FACE_DETECT,0,0,125,126,WINDOWS_10_WIN32,MEDIUM
952,DATASET_2,FACE_DETECT,0,0,133,135,WINDOWS_10_WIN32,MEDIUM
953,DATASET_2,FACE_DETECT,1,0,144,146,WINDOWS_10_WIN32,MEDIUM
954,DATASET_2,FACE_DETECT,0,0,123,125,WINDOWS_10_WIN32,MEDIUM
955,DATASET_2,FACE_DETECT,0,0,134,136,WINDOWS_10_WIN32,MEDIUM
956,DATASET_2,FACE_DETECT,1,0,127,129,WINDOWS_10_WIN32,MEDIUM
957,DATASET_2,FACE_DETECT,0,0,132,133,WINDOWS_10_WIN32,MEDIUM
958,DATASET_2,FACE_DETECT,0,0,124,126,WINDOWS_10_WIN32,MEDIUM
959,DATASET_2,FACE_DETECT,0,0,131,133,WINDOWS_10_WIN32,MEDIUM
960,DATASET_2,FACE_DETECT,0,0,120,121,WINDOWS_10_WIN32,MEDIUM
961,DATASET_2,FACE_DETECT,1,0,126,128,WINDOWS_10_WIN32,MEDIUM
962,DATASET_2,FACE_DETECT,1,0,132,134,WINDOWS_10_WIN32,MEDIUM
963,DATASET_2,FACE_DETECT,0,0,126,128,WINDOWS_10_WIN32,MEDIUM
964,DATASET_2,FACE_DETECT,0,0,130,132,WINDOWS_10_WIN32,MEDIUM
965,DATASET_2,FACE_DETECT,0,0,116,117,WINDOWS_10_WIN32,MEDIUM
966,DATASET_2,FACE_DETECT,0,0,127,128,WINDOWS_10_WIN32,MEDIUM
967,DATASET_2,FACE_DETECT,0,0,132,135,WINDOWS_10_WIN32,MEDIUM
968,DATASET_2,FACE_DETECT,0,0,133,135,WINDOWS_10_WIN32,MEDIUM
969,DATASET_2,FACE_DETECT,0,0,133,135,WINDOWS_10_WIN32,MEDIUM
970,DATASET_2,FACE_DETECT,1,0,123,124,WINDOWS_10_WIN32,MEDIUM
971,DATASET_2,FACE_DETECT,0,0,118,120,WINDOWS_10_WIN32,MEDIUM
972,DATASET_2,FACE_DETECT,0,0,126,129,WINDOWS_10_WIN32,MEDIUM
973,DATASET_2,FACE_DETECT,0,0,125,126,WINDOWS_10_WIN32,MEDIUM
974,DATASET_2,FACE_DETECT,0,0,129,131,WINDOWS_10_WIN32,MEDIUM
975,DATASET_2,FACE_DETECT,0,0,134,136,WINDOWS_10_WIN32,MEDIUM
976,DATASET_2,FACE_DETECT,0,0,119,120,WINDOWS_10_WIN32,MEDIUM
977,DATASET_2,FACE_DETECT,0,0,126,126,WINDOWS_10_WIN32,MEDIUM
978,DATASET_2,FACE_DETECT,0,0,127,130,WINDOWS_10_WIN32,MEDIUM
979,DATASET_2,FACE_DETECT,0,0,119,120,WINDOWS_10_WIN32,MEDIUM
980,DATASET_2,FACE_DETECT,0,0,123,126,WINDOWS_10_WIN32,MEDIUM
981,DATASET_2,FACE_DETECT,0,0,135,137,WINDOWS_10_WIN32,MEDIUM
982,DATASET_2,FACE_DETECT,0,0,119,120,WINDOWS_10_WIN32,MEDIUM
983,DATASET_2,FACE_DETECT,0,0,116,117,WINDOWS_10_WIN32,MEDIUM
984,DATASET_2,FACE_DETECT,0,0,117,118,WINDOWS_10_WIN32,MEDIUM
985,DATASET_2,FACE_DETECT,0,0,122,124,WINDOWS_10_WIN32,MEDIUM
986,DATASET_2,FACE_DETECT,1,0,160,161,WINDOWS_10_WIN32,MEDIUM
987,DATASET_2,FACE_DETECT,0,0,124,125,WINDOWS_10_WIN32,MEDIUM
988,DATASET_2,FACE_DETECT,0,0,127,130,WINDOWS_10_WIN32,MEDIUM
989,DATASET_2,FACE_DETECT,0,0,120,122,WINDOWS_10_WIN32,MEDIUM
990,DATASET_2,FACE_DETECT,1,0,125,126,WINDOWS_10_WIN32,MEDIUM
991,DATASET_2,FACE_DETECT,0,0,138,140,WINDOWS_10_WIN32,MEDIUM
992,DATASET_2,FACE_DETECT,0,0,130,132,WINDOWS_10_WIN32,MEDIUM
993,DATASET_2,FACE_DETECT,0,0,128,129,WINDOWS_10_WIN32,MEDIUM
994,DATASET_2,FACE_DETECT,0,0,127,130,WINDOWS_10_WIN32,MEDIUM
995,DATASET_2,FACE_DETECT,2,0,132,133,WINDOWS_10_WIN32,MEDIUM
996,DATASET_2,FACE_DETECT,0,0,130,131,WINDOWS_10_WIN32,MEDIUM
997,DATASET_2,FACE_DETECT,1,0,125,127,WINDOWS_10_WIN32,MEDIUM
998,DATASET_2,FACE_DETECT,0,0,127,129,WINDOWS_10_WIN32,MEDIUM
999,DATASET_2,FACE_DETECT,0,0,122,123,WINDOWS_10_WIN32,MEDIUM
1000,DATASET_2,FACE_DETECT,0,0,125,126,WINDOWS_10_WIN32,MEDIUM
1001,DATASET_2,FACE_DETECT,1,0,139,141,WINDOWS_10_WIN32,MEDIUM
1002,DATASET_2,FACE_DETECT,0,0,125,126,WINDOWS_10_WIN32,MEDIUM
1003,DATASET_2,FACE_DETECT,0,0,128,129,WINDOWS_10_WIN32,MEDIUM
1004,DATASET_2,FACE_DETECT,1,0,87,89,WINDOWS_10_WIN32,MEDIUM
1005,DATASET_2,FACE_DETECT,1,0,100,103,WINDOWS_10_WIN32,MEDIUM
1006,DATASET_2,FACE_DETECT,1,0,86,87,WINDOWS_10_WIN32,MEDIUM
1007,DATASET_2,FACE_DETECT,1,0,83,86,WINDOWS_10_WIN32,MEDIUM
1008,DATASET_2,FACE_DETECT,1,0,97,100,WINDOWS_10_WIN32,MEDIUM
1009,DATASET_2,FACE_DETECT,1,0,82,84,WINDOWS_10_WIN32,MEDIUM
1010,DATASET_2,FACE_DETECT,1,0,80,82,WINDOWS_10_WIN32,MEDIUM
1011,DATASET_2,FACE_DETECT,1,0,98,100,WINDOWS_10_WIN32,MEDIUM
1012,DATASET_2,FACE_DETECT,1,0,77,79,WINDOWS_10_WIN32,MEDIUM
1013,DATASET_2,FACE_DETECT,0,0,84,86,WINDOWS_10_WIN32,MEDIUM
1014,DATASET_2,FACE_DETECT,1,0,79,80,WINDOWS_10_WIN32,MEDIUM
1015,DATASET_2,FACE_DETECT,1,0,83,84,WINDOWS_10_WIN32,MEDIUM
1016,DATASET_2,FACE_DETECT,0,0,91,94,WINDOWS_10_WIN32,MEDIUM
1017,DATASET_2,FACE_DETECT,1,0,103,105,WINDOWS_10_WIN32,MEDIUM
1018,DATASET_2,FACE_DETECT,1,0,82,83,WINDOWS_10_WIN32,MEDIUM
1019,DATASET_2,FACE_DETECT,0,0,92,94,WINDOWS_10_WIN32,MEDIUM
1020,DATASET_2,FACE_DETECT,0,0,107,109,WINDOWS_10_WIN32,MEDIUM
1021,DATASET_2,FACE_DETECT,2,0,85,86,WINDOWS_10_WIN32,MEDIUM
1022,DATASET_2,FACE_DETECT,0,0,91,93,WINDOWS_10_WIN32,MEDIUM
1023,DATASET_2,FACE_DETECT,1,0,87,88,WINDOWS_10_WIN32,MEDIUM
1024,DATASET_2,FACE_DETECT,2,0,84,85,WINDOWS_10_WIN32,MEDIUM
1025,DATASET_2,FACE_DETECT,0,0,89,91,WINDOWS_10_WIN32,MEDIUM
1026,DATASET_2,FACE_DETECT,0,0,82,83,WINDOWS_10_WIN32,MEDIUM
1027,DATASET_2,FACE_DETECT,0,0,93,95,WINDOWS_10_WIN32,MEDIUM
1028,DATASET_2,FACE_DETECT,0,0,96,97,WINDOWS_10_WIN32,MEDIUM
1029,DATASET_2,FACE_DETECT,0,0,97,98,WINDOWS_10_WIN32,MEDIUM
1030,DATASET_2,FACE_DETECT,0,0,89,91,WINDOWS_10_WIN32,MEDIUM
1031,DATASET_2,FACE_DETECT,0,0,83,83,WINDOWS_10_WIN32,MEDIUM
1032,DATASET_2,FACE_DETECT,0,0,95,96,WINDOWS_10_WIN32,MEDIUM
1033,DATASET_2,FACE_DETECT,0,0,90,92,WINDOWS_10_WIN32,MEDIUM
1034,DATASET_2,FACE_DETECT,0,0,99,101,WINDOWS_10_WIN32,MEDIUM
1035,DATASET_2,FACE_DETECT,0,0,108,111,WINDOWS_10_WIN32,MEDIUM
1036,DATASET_2,FACE_DETECT,0,0,94,96,WINDOWS_10_WIN32,MEDIUM
1037,DATASET_2,FACE_DETECT,0,0,109,110,WINDOWS_10_WIN32,MEDIUM
1038,DATASET_2,FACE_DETECT,0,0,94,95,WINDOWS_10_WIN32,MEDIUM
1039,DATASET_2,FACE_DETECT,0,0,100,102,WINDOWS_10_WIN32,MEDIUM
1040,DATASET_2,FACE_DETECT,0,0,95,97,WINDOWS_10_WIN32,MEDIUM
1041,DATASET_2,FACE_DETECT,0,0,103,105,WINDOWS_10_WIN32,MEDIUM
1042,DATASET_2,FACE_DETECT,0,0,98,100,WINDOWS_10_WIN32,MEDIUM
1043,DATASET_2,FACE_DETECT,0,0,100,102,WINDOWS_10_WIN32,MEDIUM
1044,DATASET_2,FACE_DETECT,0,0,98,100,WINDOWS_10_WIN32,MEDIUM
1045,DATASET_2,FACE_DETECT,0,0,98,100,WINDOWS_10_WIN32,MEDIUM
1046,DATASET_2,FACE_DETECT,0,0,95,97,WINDOWS_10_WIN32,MEDIUM
1047,DATASET_2,FACE_DETECT,0,0,101,102,WINDOWS_10_WIN32,MEDIUM
1048,DATASET_2,FACE_DETECT,0,0,95,97,WINDOWS_10_WIN32,MEDIUM
1049,DATASET_2,FACE_DETECT,0,0,94,96,WINDOWS_10_WIN32,MEDIUM
1050,DATASET_2,FACE_DETECT,0,0,99,100,WINDOWS_10_WIN32,MEDIUM
1051,DATASET_2,FACE_DETECT,0,0,86,87,WINDOWS_10_WIN32,MEDIUM
1052,DATASET_2,FACE_DETECT,1,0,107,108,WINDOWS_10_WIN32,MEDIUM
1053,DATASET_2,FACE_DETECT,1,0,103,104,WINDOWS_10_WIN32,MEDIUM
1054,DATASET_2,FACE_DETECT,1,0,114,115,WINDOWS_10_WIN32,MEDIUM
1055,DATASET_2,FACE_DETECT,1,0,137,139,WINDOWS_10_WIN32,MEDIUM
1056,DATASET_2,FACE_DETECT,1,0,114,116,WINDOWS_10_WIN32,MEDIUM
1057,DATASET_2,FACE_DETECT,1,0,108,109,WINDOWS_10_WIN32,MEDIUM
1058,DATASET_2,FACE_DETECT,1,0,113,114,WINDOWS_10_WIN32,MEDIUM
1059,DATASET_2,FACE_DETECT,1,0,105,106,WINDOWS_10_WIN32,MEDIUM
1060,DATASET_2,FACE_DETECT,1,0,108,110,WINDOWS_10_WIN32,MEDIUM
1061,DATASET_2,FACE_DETECT,1,0,109,110,WINDOWS_10_WIN32,MEDIUM
1062,DATASET_2,FACE_DETECT,1,0,109,111,WINDOWS_10_WIN32,MEDIUM
1063,DATASET_2,FACE_DETECT,1,0,107,108,WINDOWS_10_WIN32,MEDIUM
1064,DATASET_2,FACE_DETECT,1,0,161,163,WINDOWS_10_WIN32,MEDIUM
1065,DATASET_2,FACE_DETECT,0,0,119,120,WINDOWS_10_WIN32,MEDIUM
1066,DATASET_2,FACE_DETECT,0,0,107,108,WINDOWS_10_WIN32,MEDIUM
1067,DATASET_2,FACE_DETECT,0,0,111,112,WINDOWS_10_WIN32,MEDIUM
1068,DATASET_2,FACE_DETECT,0,0,107,108,WINDOWS_10_WIN32,MEDIUM
1069,DATASET_2,FACE_DETECT,0,0,112,114,WINDOWS_10_WIN32,MEDIUM
1070,DATASET_2,FACE_DETECT,0,0,102,103,WINDOWS_10_WIN32,MEDIUM
1071,DATASET_2,FACE_DETECT,0,0,109,110,WINDOWS_10_WIN32,MEDIUM
1072,DATASET_2,FACE_DETECT,0,0,114,116,WINDOWS_10_WIN32,MEDIUM
1073,DATASET_2,FACE_DETECT,1,0,101,102,WINDOWS_10_WIN32,MEDIUM
1074,DATASET_2,FACE_DETECT,0,0,108,109,WINDOWS_10_WIN32,MEDIUM
1075,DATASET_2,FACE_DETECT,0,0,109,111,WINDOWS_10_WIN32,MEDIUM
1076,DATASET_2,FACE_DETECT,0,0,101,102,WINDOWS_10_WIN32,MEDIUM
1077,DATASET_2,FACE_DETECT,0,0,102,104,WINDOWS_10_WIN32,MEDIUM
1078,DATASET_2,FACE_DETECT,0,0,98,99,WINDOWS_10_WIN32,MEDIUM
1079,DATASET_2,FACE_DETECT,0,0,100,102,WINDOWS_10_WIN32,MEDIUM
1080,DATASET_2,FACE_DETECT,0,0,107,109,WINDOWS_10_WIN32,MEDIUM
1081,DATASET_2,FACE_DETECT,0,0,107,110,WINDOWS_10_WIN32,MEDIUM
1082,DATASET_2,FACE_DETECT,0,0,90,91,WINDOWS_10_WIN32,MEDIUM
1083,DATASET_2,FACE_DETECT,0,0,114,116,WINDOWS_10_WIN32,MEDIUM
1084,DATASET_2,FACE_DETECT,0,0,96,97,WINDOWS_10_WIN32,MEDIUM
1085,DATASET_2,FACE_DETECT,0,0,102,103,WINDOWS_10_WIN32,MEDIUM
1086,DATASET_2,FACE_DETECT,0,0,97,98,WINDOWS_10_WIN32,MEDIUM
1087,DATASET_2,FACE_DETECT,0,0,103,105,WINDOWS_10_WIN32,MEDIUM
1088,DATASET_2,FACE_DETECT,0,0,100,103,WINDOWS_10_WIN32,MEDIUM
1089,DATASET_2,FACE_DETECT,0,0,107,108,WINDOWS_10_WIN32,MEDIUM
1090,DATASET_2,FACE_DETECT,0,0,104,106,WINDOWS_10_WIN32,MEDIUM
1091,DATASET_2,FACE_DETECT,0,0,105,107,WINDOWS_10_WIN32,MEDIUM
1092,DATASET_2,FACE_DETECT,0,0,96,97,WINDOWS_10_WIN32,MEDIUM
1093,DATASET_2,FACE_DETECT,0,0,94,96,WINDOWS_10_WIN32,MEDIUM
1094,DATASET_2,FACE_DETECT,0,0,94,96,WINDOWS_10_WIN32,MEDIUM
1095,DATASET_2,FACE_DETECT,0,0,90,91,WINDOWS_10_WIN32,MEDIUM
1096,DATASET_2,FACE_DETECT,0,0,99,101,WINDOWS_10_WIN32,MEDIUM
1097,DATASET_2,FACE_DETECT,0,0,95,97,WINDOWS_10_WIN32,MEDIUM
1098,DATASET_2,FACE_DETECT,0,0,90,92,WINDOWS_10_WIN32,MEDIUM
1099,DATASET_2,FACE_DETECT,0,0,97,99,WINDOWS_10_WIN32,MEDIUM
1100,DATASET_2,FACE_DETECT,1,0,95,96,WINDOWS_10_WIN32,MEDIUM
1101,DATASET_2,FACE_DETECT,1,0,86,88,WINDOWS_10_WIN32,MEDIUM
1102,DATASET_2,FACE_DETECT,0,0,89,91,WINDOWS_10_WIN32,MEDIUM
1103,DATASET_2,FACE_DETECT,0,0,93,94,WINDOWS_10_WIN32,MEDIUM
1104,DATASET_2,FACE_DETECT,0,0,103,105,WINDOWS_10_WIN32,MEDIUM
1105,DATASET_2,FACE_DETECT,1,0,97,99,WINDOWS_10_WIN32,MEDIUM
1106,DATASET_2,FACE_DETECT,0,0,101,102,WINDOWS_10_WIN32,MEDIUM
1107,DATASET_2,FACE_DETECT,0,0,103,105,WINDOWS_10_WIN32,MEDIUM
1108,DATASET_2,FACE_DETECT,0,0,94,95,WINDOWS_10_WIN32,MEDIUM
1109,DATASET_2,FACE_DETECT,0,0,110,112,WINDOWS_10_WIN32,MEDIUM
1110,DATASET_2,FACE_DETECT,0,0,100,101,WINDOWS_10_WIN32,MEDIUM
1111,DATASET_2,FACE_DETECT,1,0,103,104,WINDOWS_10_WIN32,MEDIUM
1112,DATASET_2,FACE_DETECT,0,0,109,109,WINDOWS_10_WIN32,MEDIUM
1113,DATASET_2,FACE_DETECT,1,0,121,123,WINDOWS_10_WIN32,MEDIUM
1114,DATASET_2,FACE_DETECT,1,0,131,133,WINDOWS_10_WIN32,MEDIUM
1115,DATASET_2,FACE_DETECT,1,0,112,114,WINDOWS_10_WIN32,MEDIUM
1116,DATASET_2,FACE_DETECT,2,0,127,129,WINDOWS_10_WIN32,MEDIUM
1117,DATASET_2,FACE_DETECT,2,0,114,115,WINDOWS_10_WIN32,MEDIUM
1118,DATASET_2,FACE_DETECT,1,0,112,113,WINDOWS_10_WIN32,MEDIUM
1119,DATASET_2,FACE_DETECT,1,0,117,118,WINDOWS_10_WIN32,MEDIUM
1120,DATASET_2,FACE_DETECT,1,0,128,131,WINDOWS_10_WIN32,MEDIUM
1121,DATASET_2,FACE_DETECT,1,0,120,122,WINDOWS_10_WIN32,MEDIUM
1122,DATASET_2,FACE_DETECT,1,0,127,129,WINDOWS_10_WIN32,MEDIUM
1123,DATASET_2,FACE_DETECT,2,0,124,126,WINDOWS_10_WIN32,MEDIUM
1124,DATASET_2,FACE_DETECT,2,0,119,123,WINDOWS_10_WIN32,MEDIUM
1125,DATASET_2,FACE_DETECT,2,0,121,122,WINDOWS_10_WIN32,MEDIUM
1126,DATASET_2,FACE_DETECT,2,0,118,119,WINDOWS_10_WIN32,MEDIUM
1127,DATASET_2,FACE_DETECT,2,0,118,120,WINDOWS_10_WIN32,MEDIUM
1128,DATASET_2,FACE_DETECT,2,0,124,126,WINDOWS_10_WIN32,MEDIUM
1129,DATASET_2,FACE_DETECT,0,0,117,118,WINDOWS_10_WIN32,MEDIUM
1130,DATASET_2,FACE_DETECT,2,0,124,126,WINDOWS_10_WIN32,MEDIUM
1131,DATASET_2,FACE_DETECT,0,0,117,119,WINDOWS_10_WIN32,MEDIUM
1132,DATASET_2,FACE_DETECT,1,0,123,125,WINDOWS_10_WIN32,MEDIUM
1133,DATASET_2,FACE_DETECT,0,0,127,130,WINDOWS_10_WIN32,MEDIUM
1134,DATASET_2,FACE_DETECT,1,0,116,118,WINDOWS_10_WIN32,MEDIUM
1135,DATASET_2,FACE_DETECT,1,0,117,118,WINDOWS_10_WIN32,MEDIUM
1136,DATASET_2,FACE_DETECT,1,0,117,118,WINDOWS_10_WIN32,MEDIUM
1137,DATASET_2,FACE_DETECT,0,0,115,117,WINDOWS_10_WIN32,MEDIUM
1138,DATASET_2,FACE_DETECT,1,0,140,141,WINDOWS_10_WIN32,MEDIUM
1139,DATASET_2,FACE_DETECT,0,0,119,120,WINDOWS_10_WIN32,MEDIUM
1140,DATASET_2,FACE_DETECT,2,0,124,125,WINDOWS_10_WIN32,MEDIUM
1141,DATASET_2,FACE_DETECT,1,0,119,120,WINDOWS_10_WIN32,MEDIUM
1142,DATASET_2,FACE_DETECT,0,0,118,120,WINDOWS_10_WIN32,MEDIUM
1143,DATASET_2,FACE_DETECT,1,0,112,113,WINDOWS_10_WIN32,MEDIUM
1144,DATASET_2,FACE_DETECT,2,0,120,121,WINDOWS_10_WIN32,MEDIUM
1145,DATASET_2,FACE_DETECT,1,0,121,123,WINDOWS_10_WIN32,MEDIUM
1146,DATASET_2,FACE_DETECT,1,0,138,140,WINDOWS_10_WIN32,MEDIUM
1147,DATASET_2,FACE_DETECT,1,0,118,119,WINDOWS_10_WIN32,MEDIUM
1148,DATASET_2,FACE_DETECT,1,0,125,126,WINDOWS_10_WIN32,MEDIUM
1149,DATASET_2,FACE_DETECT,2,0,125,127,WINDOWS_10_WIN32,MEDIUM
1150,DATASET_2,FACE_DETECT,2,0,129,132,WINDOWS_10_WIN32,MEDIUM
1151,DATASET_2,FACE_DETECT,2,0,131,133,WINDOWS_10_WIN32,MEDIUM
1152,DATASET_2,FACE_DETECT,1,0,125,127,WINDOWS_10_WIN32,MEDIUM
1153,DATASET_2,FACE_DETECT,2,0,128,131,WINDOWS_10_WIN32,MEDIUM
1154,DATASET_2,FACE_DETECT,1,0,144,145,WINDOWS_10_WIN32,MEDIUM
1155,DATASET_2,FACE_DETECT,2,0,114,116,WINDOWS_10_WIN32,MEDIUM
1156,DATASET_2,FACE_DETECT,2,0,121,123,WINDOWS_10_WIN32,MEDIUM
1157,DATASET_2,FACE_DETECT,2,0,126,129,WINDOWS_10_WIN32,MEDIUM
1158,DATASET_2,FACE_DETECT,1,0,127,129,WINDOWS_10_WIN32,MEDIUM
1159,DATASET_2,FACE_DETECT,1,0,125,127,WINDOWS_10_WIN32,MEDIUM
1160,DATASET_2,FACE_DETECT,1,0,120,121,WINDOWS_10_WIN32,MEDIUM
1161,DATASET_2,FACE_DETECT,1,0,126,127,WINDOWS_10_WIN32,MEDIUM
1162,DATASET_2,FACE_DETECT,0,0,122,127,WINDOWS_10_WIN32,MEDIUM
1163,DATASET_2,FACE_DETECT,1,0,132,134,WINDOWS_10_WIN32,MEDIUM
1164,DATASET_2,FACE_DETECT,1,0,110,111,WINDOWS_10_WIN32,MEDIUM
1165,DATASET_2,FACE_DETECT,1,0,123,124,WINDOWS_10_WIN32,MEDIUM
1166,DATASET_2,FACE_DETECT,1,0,122,125,WINDOWS_10_WIN32,MEDIUM
1167,DATASET_2,FACE_DETECT,1,0,124,126,WINDOWS_10_WIN32,MEDIUM
1168,DATASET_2,FACE_DETECT,1,0,124,125,WINDOWS_10_WIN32,MEDIUM
1169,DATASET_2,FACE_DETECT,1,0,123,126,WINDOWS_10_WIN32,MEDIUM
1170,DATASET_2,FACE_DETECT,0,0,130,131,WINDOWS_10_WIN32,MEDIUM
1171,DATASET_2,FACE_DETECT,1,0,132,134,WINDOWS_10_WIN32,MEDIUM
1172,DATASET_2,FACE_DETECT,1,0,116,117,WINDOWS_10_WIN32,MEDIUM
1173,DATASET_2,FACE_DETECT,1,0,125,126,WINDOWS_10_WIN32,MEDIUM
1174,DATASET_2,FACE_DETECT,0,0,126,127,WINDOWS_10_WIN32,MEDIUM
1175,DATASET_2,FACE_DETECT,0,0,117,118,WINDOWS_10_WIN32,MEDIUM
1176,DATASET_2,FACE_DETECT,0,0,118,119,WINDOWS_10_WIN32,MEDIUM
1177,DATASET_2,FACE_DETECT,0,0,121,124,WINDOWS_10_WIN32,MEDIUM
1178,DATASET_2,FACE_DETECT,0,0,120,122,WINDOWS_10_WIN32,MEDIUM
1179,DATASET_2,FACE_DETECT,0,0,121,122,WINDOWS_10_WIN32,MEDIUM
1180,DATASET_2,FACE_DETECT,0,0,110,111,WINDOWS_10_WIN32,MEDIUM
1181,DATASET_2,FACE_DETECT,0,0,119,120,WINDOWS_10_WIN32,MEDIUM
1182,DATASET_2,FACE_DETECT,0,0,127,128,WINDOWS_10_WIN32,MEDIUM
1183,DATASET_2,FACE_DETECT,1,0,123,125,WINDOWS_10_WIN32,MEDIUM
1184,DATASET_2,FACE_DETECT,0,0,127,129,WINDOWS_10_WIN32,MEDIUM
1185,DATASET_2,FACE_DETECT,0,0,125,126,WINDOWS_10_WIN32,MEDIUM
1186,DATASET_2,FACE_DETECT,0,0,115,118,WINDOWS_10_WIN32,MEDIUM
1187,DATASET_2,FACE_DETECT,0,0,120,122,WINDOWS_10_WIN32,MEDIUM
1188,DATASET_2,FACE_DETECT,0,0,128,131,WINDOWS_10_WIN32,MEDIUM
1189,DATASET_2,FACE_DETECT,0,0,113,115,WINDOWS_10_WIN32,MEDIUM
1190,DATASET_2,FACE_DETECT,1,0,121,123,WINDOWS_10_WIN32,MEDIUM
1191,DATASET_2,FACE_DETECT,2,0,118,119,WINDOWS_10_WIN32,MEDIUM
1192,DATASET_2,FACE_DETECT,2,0,115,118,WINDOWS_10_WIN32,MEDIUM
1193,DATASET_2,FACE_DETECT,1,0,118,119,WINDOWS_10_WIN32,MEDIUM
1194,DATASET_2,FACE_DETECT,2,0,127,129,WINDOWS_10_WIN32,MEDIUM
1195,DATASET_2,FACE_DETECT,1,0,118,120,WINDOWS_10_WIN32,MEDIUM
1196,DATASET_2,FACE_DETECT,1,0,117,119,WINDOWS_10_WIN32,MEDIUM
1197,DATASET_2,FACE_DETECT,1,0,117,118,WINDOWS_10_WIN32,MEDIUM
1198,DATASET_2,FACE_DETECT,1,0,126,129,WINDOWS_10_WIN32,MEDIUM
1199,DATASET_2,FACE_DETECT,1,0,132,135,WINDOWS_10_WIN32,MEDIUM
1200,DATASET_2,FACE_DETECT,2,0,121,123,WINDOWS_10_WIN32,MEDIUM
1201,DATASET_2,FACE_DETECT,1,0,128,130,WINDOWS_10_WIN32,MEDIUM
1202,DATASET_2,FACE_DETECT,1,0,114,115,WINDOWS_10_WIN32,MEDIUM
1203,DATASET_2,FACE_DETECT,1,0,121,124,WINDOWS_10_WIN32,MEDIUM
1204,DATASET_2,FACE_DETECT,0,0,112,114,WINDOWS_10_WIN32,MEDIUM
1205,DATASET_2,FACE_DETECT,0,0,131,135,WINDOWS_10_WIN32,MEDIUM
1206,DATASET_2,FACE_DETECT,0,0,179,180,WINDOWS_10_WIN32,MEDIUM
1207,DATASET_2,FACE_DETECT,0,0,132,134,WINDOWS_10_WIN32,MEDIUM
1208,DATASET_2,FACE_DETECT,0,0,136,137,WINDOWS_10_WIN32,MEDIUM
1209,DATASET_2,FACE_DETECT,0,0,132,133,WINDOWS_10_WIN32,MEDIUM
1210,DATASET_2,FACE_DETECT,1,0,140,142,WINDOWS_10_WIN32,MEDIUM
1211,DATASET_2,FACE_DETECT,0,0,145,146,WINDOWS_10_WIN32,MEDIUM
1212,DATASET_2,FACE_DETECT,1,0,135,137,WINDOWS_10_WIN32,MEDIUM
1213,DATASET_2,FACE_DETECT,2,0,122,123,WINDOWS_10_WIN32,MEDIUM
1214,DATASET_2,FACE_DETECT,1,0,128,129,WINDOWS_10_WIN32,MEDIUM
1215,DATASET_2,FACE_DETECT,1,0,146,147,WINDOWS_10_WIN32,MEDIUM
1216,DATASET_2,FACE_DETECT,1,0,127,128,WINDOWS_10_WIN32,MEDIUM
1217,DATASET_2,FACE_DETECT,3,0,134,136,WINDOWS_10_WIN32,MEDIUM
1218,DATASET_2,FACE_DETECT,1,0,125,126,WINDOWS_10_WIN32,MEDIUM
1219,DATASET_2,FACE_DETECT,1,0,125,127,WINDOWS_10_WIN32,MEDIUM
1220,DATASET_2,FACE_DETECT,1,0,138,140,WINDOWS_10_WIN32,MEDIUM
1221,DATASET_2,FACE_DETECT,2,0,130,133,WINDOWS_10_WIN32,MEDIUM
1222,DATASET_2,FACE_DETECT,1,0,123,125,WINDOWS_10_WIN32,MEDIUM
1223,DATASET_2,FACE_DETECT,1,0,123,125,WINDOWS_10_WIN32,MEDIUM
1224,DATASET_2,FACE_DETECT,2,0,126,128,WINDOWS_10_WIN32,MEDIUM
1225,DATASET_2,FACE_DETECT,2,0,122,125,WINDOWS_10_WIN32,MEDIUM
1226,DATASET_2,FACE_DETECT,1,0,127,129,WINDOWS_10_WIN32,MEDIUM
1227,DATASET_2,FACE_DETECT,1,0,121,123,WINDOWS_10_WIN32,MEDIUM
1228,DATASET_2,FACE_DETECT,1,0,115,117,WINDOWS_10_WIN32,MEDIUM
1229,DATASET_2,FACE_DETECT,1,0,128,130,WINDOWS_10_WIN32,MEDIUM
1230,DATASET_2,FACE_DETECT,2,0,130,132,WINDOWS_10_WIN32,MEDIUM
1231,DATASET_2,FACE_DETECT,1,0,124,128,WINDOWS_10_WIN32,MEDIUM
1232,DATASET_2,FACE_DETECT,2,0,125,126,WINDOWS_10_WIN32,MEDIUM
1233,DATASET_2,FACE_DETECT,1,0,124,125,WINDOWS_10_WIN32,MEDIUM
1234,DATASET_2,FACE_DETECT,1,0,116,118,WINDOWS_10_WIN32,MEDIUM
1235,DATASET_2,FACE_DETECT,1,0,125,127,WINDOWS_10_WIN32,MEDIUM
1236,DATASET_2,FACE_DETECT,1,0,112,114,WINDOWS_10_WIN32,MEDIUM
1237,DATASET_2,FACE_DETECT,2,0,132,134,WINDOWS_10_WIN32,MEDIUM
1238,DATASET_2,FACE_DETECT,2,0,117,119,WINDOWS_10_WIN32,MEDIUM
1239,DATASET_2,FACE_DETECT,1,0,114,115,WINDOWS_10_WIN32,MEDIUM
1240,DATASET_2,FACE_DETECT,2,0,136,138,WINDOWS_10_WIN32,MEDIUM
1241,DATASET_2,FACE_DETECT,2,0,120,123,WINDOWS_10_WIN32,MEDIUM
1242,DATASET_2,FACE_DETECT,1,0,124,126,WINDOWS_10_WIN32,MEDIUM
1243,DATASET_2,FACE_DETECT,1,0,122,124,WINDOWS_10_WIN32,MEDIUM
1244,DATASET_2,FACE_DETECT,2,0,122,124,WINDOWS_10_WIN32,MEDIUM
1245,DATASET_2,FACE_DETECT,1,0,119,121,WINDOWS_10_WIN32,MEDIUM
1246,DATASET_2,FACE_DETECT,1,0,125,127,WINDOWS_10_WIN32,MEDIUM
1247,DATASET_2,FACE_DETECT,1,0,124,126,WINDOWS_10_WIN32,MEDIUM
1248,DATASET_2,FACE_DETECT,1,0,114,115,WINDOWS_10_WIN32,MEDIUM
1249,DATASET_2,FACE_DETECT,1,0,138,141,WINDOWS_10_WIN32,MEDIUM
1250,DATASET_2,FACE_DETECT,2,0,114,117,WINDOWS_10_WIN32,MEDIUM
1251,DATASET_2,FACE_DETECT,2,0,120,122,WINDOWS_10_WIN32,MEDIUM
1252,DATASET_2,FACE_DETECT,2,0,127,128,WINDOWS_10_WIN32,MEDIUM
1253,DATASET_2,FACE_DETECT,1,0,129,131,WINDOWS_10_WIN32,MEDIUM
1254,DATASET_2,FACE_DETECT,2,0,131,133,WINDOWS_10_WIN32,MEDIUM
1255,DATASET_2,FACE_DETECT,1,0,146,148,WINDOWS_10_WIN32,MEDIUM
1256,DATASET_2,FACE_DETECT,1,0,143,144,WINDOWS_10_WIN32,MEDIUM
1257,DATASET_2,FACE_DETECT,2,0,136,138,WINDOWS_10_WIN32,MEDIUM
1258,DATASET_2,FACE_DETECT,0,0,136,138,WINDOWS_10_WIN32,MEDIUM
1259,DATASET_2,FACE_DETECT,1,0,124,126,WINDOWS_10_WIN32,MEDIUM
1260,DATASET_2,FACE_DETECT,0,0,132,135,WINDOWS_10_WIN32,MEDIUM
1261,DATASET_2,FACE_DETECT,3,0,137,139,WINDOWS_10_WIN32,MEDIUM
1262,DATASET_2,FACE_DETECT,0,0,120,122,WINDOWS_10_WIN32,MEDIUM
1263,DATASET_2,FACE_DETECT,1,0,128,130,WINDOWS_10_WIN32,MEDIUM
1264,DATASET_2,FACE_DETECT,1,0,125,126,WINDOWS_10_WIN32,MEDIUM
1265,DATASET_2,FACE_DETECT,1,0,121,122,WINDOWS_10_WIN32,MEDIUM
1266,DATASET_2,FACE_DETECT,1,0,131,133,WINDOWS_10_WIN32,MEDIUM
1267,DATASET_2,FACE_DETECT,2,0,128,129,WINDOWS_10_WIN32,MEDIUM
1268,DATASET_2,FACE_DETECT,2,0,125,126,WINDOWS_10_WIN32,MEDIUM
1269,DATASET_2,FACE_DETECT,1,0,123,125,WINDOWS_10_WIN32,MEDIUM
1270,DATASET_2,FACE_DETECT,1,0,123,124,WINDOWS_10_WIN32,MEDIUM
1271,DATASET_2,FACE_DETECT,1,0,164,165,WINDOWS_10_WIN32,MEDIUM
1272,DATASET_2,FACE_DETECT,2,0,127,128,WINDOWS_10_WIN32,MEDIUM
1273,DATASET_2,FACE_DETECT,1,0,133,135,WINDOWS_10_WIN32,MEDIUM
1274,DATASET_2,FACE_DETECT,2,0,133,135,WINDOWS_10_WIN32,MEDIUM
1275,DATASET_2,FACE_DETECT,1,0,136,140,WINDOWS_10_WIN32,MEDIUM
1276,DATASET_2,FACE_DETECT,1,0,135,137,WINDOWS_10_WIN32,MEDIUM
1277,DATASET_2,FACE_DETECT,0,0,129,133,WINDOWS_10_WIN32,MEDIUM
1278,DATASET_2,FACE_DETECT,0,0,137,139,WINDOWS_10_WIN32,MEDIUM
1279,DATASET_2,FACE_DETECT,1,0,130,132,WINDOWS_10_WIN32,MEDIUM
1280,DATASET_2,FACE_DETECT,1,0,135,137,WINDOWS_10_WIN32,MEDIUM
1281,DATASET_2,FACE_DETECT,0,0,132,133,WINDOWS_10_WIN32,MEDIUM
1282,DATASET_2,FACE_DETECT,0,0,133,135,WINDOWS_10_WIN32,MEDIUM
1283,DATASET_2,FACE_DETECT,0,0,129,131,WINDOWS_10_WIN32,MEDIUM
1284,DATASET_2,FACE_DETECT,0,0,127,128,WINDOWS_10_WIN32,MEDIUM
1285,DATASET_2,FACE_DETECT,0,0,129,132,WINDOWS_10_WIN32,MEDIUM
1286,DATASET_2,FACE_DETECT,0,0,126,128,WINDOWS_10_WIN32,MEDIUM
1287,DATASET_2,FACE_DETECT,0,0,134,135,WINDOWS_10_WIN32,MEDIUM
1288,DATASET_2,FACE_DETECT,0,0,126,128,WINDOWS_10_WIN32,MEDIUM
1289,DATASET_2,FACE_DETECT,0,0,127,128,WINDOWS_10_WIN32,MEDIUM
1290,DATASET_2,FACE_DETECT,0,0,134,136,WINDOWS_10_WIN32,MEDIUM
1291,DATASET_2,FACE_DETECT,0,0,138,141,WINDOWS_10_WIN32,MEDIUM
1292,DATASET_2,FACE_DETECT,1,0,141,143,WINDOWS_10_WIN32,MEDIUM
1293,DATASET_2,FACE_DETECT,1,0,128,131,WINDOWS_10_WIN32,MEDIUM
1294,DATASET_2,FACE_DETECT,0,0,132,134,WINDOWS_10_WIN32,MEDIUM
1295,DATASET_2,FACE_DETECT,0,0,142,144,WINDOWS_10_WIN32,MEDIUM
1296,DATASET_2,FACE_DETECT,0,0,120,122,WINDOWS_10_WIN32,MEDIUM
1297,DATASET_2,FACE_DETECT,3,0,129,132,WINDOWS_10_WIN32,MEDIUM
1298,DATASET_2,FACE_DETECT,1,0,133,136,WINDOWS_10_WIN32,MEDIUM
1299,DATASET_2,FACE_DETECT,2,0,124,125,WINDOWS_10_WIN32,MEDIUM
1300,DATASET_2,FACE_DETECT,2,0,125,127,WINDOWS_10_WIN32,MEDIUM
1301,DATASET_2,FACE_DETECT,1,0,129,130,WINDOWS_10_WIN32,MEDIUM
1302,DATASET_2,FACE_DETECT,2,0,129,130,WINDOWS_10_WIN32,MEDIUM
1303,DATASET_2,FACE_DETECT,1,0,136,138,WINDOWS_10_WIN32,MEDIUM
1304,DATASET_2,FACE_DETECT,1,0,142,144,WINDOWS_10_WIN32,MEDIUM
1305,DATASET_2,FACE_DETECT,0,0,137,139,WINDOWS_10_WIN32,MEDIUM
1306,DATASET_2,FACE_DETECT,0,0,129,131,WINDOWS_10_WIN32,MEDIUM
1307,DATASET_2,FACE_DETECT,0,0,147,149,WINDOWS_10_WIN32,MEDIUM
1308,DATASET_2,FACE_DETECT,0,0,137,140,WINDOWS_10_WIN32,MEDIUM
1309,DATASET_2,FACE_DETECT,0,0,128,130,WINDOWS_10_WIN32,MEDIUM
1310,DATASET_2,FACE_DETECT,0,0,139,140,WINDOWS_10_WIN32,MEDIUM
1311,DATASET_2,FACE_DETECT,1,0,125,126,WINDOWS_10_WIN32,MEDIUM
1312,DATASET_2,FACE_DETECT,1,0,121,122,WINDOWS_10_WIN32,MEDIUM
1313,DATASET_2,FACE_DETECT,1,0,126,127,WINDOWS_10_WIN32,MEDIUM
1314,DATASET_2,FACE_DETECT,0,0,125,126,WINDOWS_10_WIN32,MEDIUM
1315,DATASET_2,FACE_DETECT,0,0,127,129,WINDOWS_10_WIN32,MEDIUM
1316,DATASET_2,FACE_DETECT,0,0,123,124,WINDOWS_10_WIN32,MEDIUM
1317,DATASET_2,FACE_DETECT,1,0,122,124,WINDOWS_10_WIN32,MEDIUM
1318,DATASET_2,FACE_DETECT,0,0,122,124,WINDOWS_10_WIN32,MEDIUM
1319,DATASET_2,FACE_DETECT,0,0,136,138,WINDOWS_10_WIN32,MEDIUM
1320,DATASET_2,FACE_DETECT,0,0,123,126,WINDOWS_10_WIN32,MEDIUM
1321,DATASET_2,FACE_DETECT,0,0,126,128,WINDOWS_10_WIN32,MEDIUM
1322,DATASET_2,FACE_DETECT,0,0,133,135,WINDOWS_10_WIN32,MEDIUM
1323,DATASET_2,FACE_DETECT,0,0,124,125,WINDOWS_10_WIN32,MEDIUM
1324,DATASET_2,FACE_DETECT,1,0,119,121,WINDOWS_10_WIN32,MEDIUM
1325,DATASET_2,FACE_DETECT,0,0,135,137,WINDOWS_10_WIN32,MEDIUM
1326,DATASET_2,FACE_DETECT,1,0,123,124,WINDOWS_10_WIN32,MEDIUM
1327,DATASET_2,FACE_DETECT,1,0,129,132,WINDOWS_10_WIN32,MEDIUM
1328,DATASET_2,FACE_DETECT,1,0,135,136,WINDOWS_10_WIN32,MEDIUM
1329,DATASET_2,FACE_DETECT,1,0,146,148,WINDOWS_10_WIN32,MEDIUM
1330,DATASET_2,FACE_DETECT,2,0,133,135,WINDOWS_10_WIN32,MEDIUM
1331,DATASET_2,FACE_DETECT,0,0,125,126,WINDOWS_10_WIN32,MEDIUM
1332,DATASET_2,FACE_DETECT,0,0,126,127,WINDOWS_10_WIN32,MEDIUM
1333,DATASET_2,FACE_DETECT,0,0,130,132,WINDOWS_10_WIN32,MEDIUM
1334,DATASET_2,FACE_DETECT,0,0,132,133,WINDOWS_10_WIN32,MEDIUM
1335,DATASET_2,FACE_DETECT,1,0,178,179,WINDOWS_10_WIN32,MEDIUM
1336,DATASET_2,FACE_DETECT,0,0,130,131,WINDOWS_10_WIN32,MEDIUM
1337,DATASET_2,FACE_DETECT,1,0,127,128,WINDOWS_10_WIN32,MEDIUM
1338,DATASET_2,FACE_DETECT,0,0,130,133,WINDOWS_10_WIN32,MEDIUM
1339,DATASET_2,FACE_DETECT,0,0,122,124,WINDOWS_10_WIN32,MEDIUM
1340,DATASET_2,FACE_DETECT,0,0,130,131,WINDOWS_10_WIN32,MEDIUM
1341,DATASET_2,FACE_DETECT,0,0,110,113,WINDOWS_10_WIN32,MEDIUM
1342,DATASET_2,FACE_DETECT,0,0,104,106,WINDOWS_10_WIN32,MEDIUM
1343,DATASET_2,FACE_DETECT,0,0,91,92,WINDOWS_10_WIN32,MEDIUM
1344,DATASET_2,FACE_DETECT,0,0,88,91,WINDOWS_10_WIN32,MEDIUM
1345,DATASET_2,FACE_DETECT,0,0,77,79,WINDOWS_10_WIN32,MEDIUM
1346,DATASET_2,FACE_DETECT,0,0,68,69,WINDOWS_10_WIN32,MEDIUM
1347,DATASET_2,FACE_DETECT,0,0,65,67,WINDOWS_10_WIN32,MEDIUM
1348,DATASET_2,FACE_DETECT,0,0,49,50,WINDOWS_10_WIN32,MEDIUM
1349,DATASET_2,FACE_DETECT,0,0,48,50,WINDOWS_10_WIN32,MEDIUM
1350,DATASET_2,FACE_DETECT,0,0,68,69,WINDOWS_10_WIN32,MEDIUM
1351,DATASET_2,FACE_DETECT,0,0,75,76,WINDOWS_10_WIN32,MEDIUM
1352,DATASET_2,FACE_DETECT,0,0,89,92,WINDOWS_10_WIN32,MEDIUM
1353,DATASET_2,FACE_DETECT,0,0,73,75,WINDOWS_10_WIN32,MEDIUM
1354,DATASET_2,FACE_DETECT,0,0,66,69,WINDOWS_10_WIN32,MEDIUM
1355,DATASET_2,FACE_DETECT,0,0,63,65,WINDOWS_10_WIN32,MEDIUM
1356,DATASET_2,FACE_DETECT,0,0,66,68,WINDOWS_10_WIN32,MEDIUM
1357,DATASET_2,FACE_DETECT,0,0,43,44,WINDOWS_10_WIN32,MEDIUM
1358,DATASET_2,FACE_DETECT,0,0,67,68,WINDOWS_10_WIN32,MEDIUM
1359,DATASET_2,FACE_DETECT,0,0,57,58,WINDOWS_10_WIN32,MEDIUM
1360,DATASET_2,FACE_DETECT,0,0,75,78,WINDOWS_10_WIN32,MEDIUM
1361,DATASET_2,FACE_DETECT,0,0,67,69,WINDOWS_10_WIN32,MEDIUM
1362,DATASET_2,FACE_DETECT,0,0,59,62,WINDOWS_10_WIN32,MEDIUM
1363,DATASET_2,FACE_DETECT,0,0,66,68,WINDOWS_10_WIN32,MEDIUM
1364,DATASET_2,FACE_DETECT,0,0,64,67,WINDOWS_10_WIN32,MEDIUM
1365,DATASET_2,FACE_DETECT,0,0,64,66,WINDOWS_10_WIN32,MEDIUM
1366,DATASET_2,FACE_DETECT,0,0,56,57,WINDOWS_10_WIN32,MEDIUM
1367,DATASET_2,FACE_DETECT,0,0,60,63,WINDOWS_10_WIN32,MEDIUM
1368,DATASET_2,FACE_DETECT,0,0,72,74,WINDOWS_10_WIN32,MEDIUM
1369,DATASET_2,FACE_DETECT,0,0,61,63,WINDOWS_10_WIN32,MEDIUM
1370,DATASET_2,FACE_DETECT,0,0,75,77,WINDOWS_10_WIN32,MEDIUM
1371,DATASET_2,FACE_DETECT,0,0,71,73,WINDOWS_10_WIN32,MEDIUM
1372,DATASET_2,FACE_DETECT,0,0,44,45,WINDOWS_10_WIN32,MEDIUM
1373,DATASET_2,FACE_DETECT,0,0,47,48,WINDOWS_10_WIN32,MEDIUM
1374,DATASET_2,FACE_DETECT,0,0,61,63,WINDOWS_10_WIN32,MEDIUM
1375,DATASET_2,FACE_DETECT,0,0,69,70,WINDOWS_10_WIN32,MEDIUM
1376,DATASET_2,FACE_DETECT,0,0,46,47,WINDOWS_10_WIN32,MEDIUM
1377,DATASET_2,FACE_DETECT,0,0,43,44,WINDOWS_10_WIN32,MEDIUM
1378,DATASET_2,FACE_DETECT,0,0,76,78,WINDOWS_10_WIN32,MEDIUM
1379,DATASET_2,FACE_DETECT,0,0,72,75,WINDOWS_10_WIN32,MEDIUM
1380,DATASET_2,FACE_DETECT,0,0,66,67,WINDOWS_10_WIN32,MEDIUM
1381,DATASET_2,FACE_DETECT,0,0,68,70,WINDOWS_10_WIN32,MEDIUM
1382,DATASET_2,FACE_DETECT,0,0,67,69,WINDOWS_10_WIN32,MEDIUM
1383,DATASET_2,FACE_DETECT,0,0,45,46,WINDOWS_10_WIN32,MEDIUM
1384,DATASET_2,FACE_DETECT,0,0,66,68,WINDOWS_10_WIN32,MEDIUM
1385,DATASET_2,FACE_DETECT,0,0,63,65,WINDOWS_10_WIN32,MEDIUM
1386,DATASET_2,FACE_DETECT,0,0,62,64,WINDOWS_10_WIN32,MEDIUM
1387,DATASET_2,FACE_DETECT,0,0,67,69,WINDOWS_10_WIN32,MEDIUM
1388,DATASET_2,FACE_DETECT,0,0,65,67,WINDOWS_10_WIN32,MEDIUM
1389,DATASET_2,FACE_DETECT,0,0,76,79,WINDOWS_10_WIN32,MEDIUM
1390,DATASET_2,FACE_DETECT,0,0,62,63,WINDOWS_10_WIN32,MEDIUM
1391,DATASET_2,FACE_DETECT,0,0,87,89,WINDOWS_10_WIN32,MEDIUM
1392,DATASET_2,FACE_DETECT,0,0,75,77,WINDOWS_10_WIN32,MEDIUM
1393,DATASET_2,FACE_DETECT,0,0,53,54,WINDOWS_10_WIN32,MEDIUM
1394,DATASET_2,FACE_DETECT,0,0,69,70,WINDOWS_10_WIN32,MEDIUM
1395,DATASET_2,FACE_DETECT,0,0,62,63,WINDOWS_10_WIN32,MEDIUM
1396,DATASET_2,FACE_DETECT,0,0,53,54,WINDOWS_10_WIN32,MEDIUM
1397,DATASET_2,FACE_DETECT,0,0,65,67,WINDOWS_10_WIN32,MEDIUM
1398,DATASET_2,FACE_DETECT,0,0,60,61,WINDOWS_10_WIN32,MEDIUM
1399,DATASET_2,FACE_DETECT,0,0,60,61,WINDOWS_10_WIN32,MEDIUM
1400,DATASET_2,FACE_DETECT,0,0,76,79,WINDOWS_10_WIN32,MEDIUM
1401,DATASET_2,FACE_DETECT,0,0,74,77,WINDOWS_10_WIN32,MEDIUM
1402,DATASET_2,FACE_DETECT,0,0,68,70,WINDOWS_10_WIN32,MEDIUM
1403,DATASET_2,FACE_DETECT,0,0,54,55,WINDOWS_10_WIN32,MEDIUM
1404,DATASET_2,FACE_DETECT,0,0,52,53,WINDOWS_10_WIN32,MEDIUM

