id,dataset,workload,faces_detected,eyes_detected,process_time_ms,pre_time_ms,tag_time_ms,pos_time_ms,total_time_ms,system,resolution_label
0,DATASET_2,FACE_DETECT,0,0,241,1, 0, 0, 254,Chrome_75_Windows,SMALL
1,DATASET_2,FACE_DETECT,0,0,294,0, 0, 0, 306,Chrome_75_Windows,SMALL
2,DATASET_2,FACE_DETECT,0,0,241,0, 0, 0, 256,Chrome_75_Windows,SMALL
3,DATASET_2,FACE_DETECT,0,0,236,0, 0, 0, 267,Chrome_75_Windows,SMALL
4,DATASET_2,FACE_DETECT,0,0,241,0, 0, 0, 257,Chrome_75_Windows,SMALL
5,DATASET_2,FACE_DETECT,0,0,238,0, 0, 0, 264,Chrome_75_Windows,SMALL
6,DATASET_2,FACE_DETECT,0,0,242,0, 0, 0, 265,Chrome_75_Windows,SMALL
7,DATASET_2,FACE_DETECT,0,0,259,0, 0, 0, 288,Chrome_75_Windows,SMALL
8,DATASET_2,FACE_DETECT,0,0,244,0, 0, 0, 263,Chrome_75_Windows,SMALL
9,DATASET_2,FACE_DETECT,0,0,257,0, 0, 0, 279,Chrome_75_Windows,SMALL
10,DATASET_2,FACE_DETECT,0,0,258,0, 0, 0, 274,Chrome_75_Windows,SMALL
11,DATASET_2,FACE_DETECT,0,0,274,0, 0, 0, 292,Chrome_75_Windows,SMALL
12,DATASET_2,FACE_DETECT,0,0,272,0, 0, 0, 292,Chrome_75_Windows,SMALL
13,DATASET_2,FACE_DETECT,0,0,265,0, 0, 0, 286,Chrome_75_Windows,SMALL
14,DATASET_2,FACE_DETECT,0,0,240,0, 0, 0, 260,Chrome_75_Windows,SMALL
15,DATASET_2,FACE_DETECT,0,0,248,0, 0, 0, 273,Chrome_75_Windows,SMALL
16,DATASET_2,FACE_DETECT,1,0,238,0, 0, 0, 255,Chrome_75_Windows,SMALL
17,DATASET_2,FACE_DETECT,1,0,250,0, 0, 0, 285,Chrome_75_Windows,SMALL
18,DATASET_2,FACE_DETECT,1,0,241,0, 0, 0, 261,Chrome_75_Windows,SMALL
19,DATASET_2,FACE_DETECT,1,0,259,0, 0, 0, 284,Chrome_75_Windows,SMALL
20,DATASET_2,FACE_DETECT,2,0,261,0, 0, 0, 284,Chrome_75_Windows,SMALL
21,DATASET_2,FACE_DETECT,2,0,325,0, 0, 0, 346,Chrome_75_Windows,SMALL
22,DATASET_2,FACE_DETECT,2,0,256,0, 0, 0, 276,Chrome_75_Windows,SMALL
23,DATASET_2,FACE_DETECT,2,0,272,0, 0, 0, 289,Chrome_75_Windows,SMALL
24,DATASET_2,FACE_DETECT,1,0,322,0, 0, 0, 345,Chrome_75_Windows,SMALL
25,DATASET_2,FACE_DETECT,0,0,309,0, 0, 0, 329,Chrome_75_Windows,SMALL
26,DATASET_2,FACE_DETECT,0,0,272,0, 0, 0, 293,Chrome_75_Windows,SMALL
27,DATASET_2,FACE_DETECT,0,0,257,0, 0, 0, 280,Chrome_75_Windows,SMALL
28,DATASET_2,FACE_DETECT,0,0,271,0, 0, 0, 290,Chrome_75_Windows,SMALL
29,DATASET_2,FACE_DETECT,0,0,271,0, 0, 0, 294,Chrome_75_Windows,SMALL
30,DATASET_2,FACE_DETECT,0,0,260,0, 0, 0, 279,Chrome_75_Windows,SMALL
31,DATASET_2,FACE_DETECT,0,0,254,0, 0, 0, 278,Chrome_75_Windows,SMALL
32,DATASET_2,FACE_DETECT,0,0,266,0, 0, 0, 284,Chrome_75_Windows,SMALL
33,DATASET_2,FACE_DETECT,0,0,279,0, 0, 0, 297,Chrome_75_Windows,SMALL
34,DATASET_2,FACE_DETECT,0,0,277,0, 0, 0, 281,Chrome_75_Windows,SMALL
35,DATASET_2,FACE_DETECT,0,0,278,0, 0, 0, 306,Chrome_75_Windows,SMALL
36,DATASET_2,FACE_DETECT,0,0,283,0, 0, 0, 310,Chrome_75_Windows,SMALL
37,DATASET_2,FACE_DETECT,0,0,266,0, 0, 0, 288,Chrome_75_Windows,SMALL
38,DATASET_2,FACE_DETECT,0,0,281,0, 0, 0, 303,Chrome_75_Windows,SMALL
39,DATASET_2,FACE_DETECT,0,0,258,0, 0, 0, 285,Chrome_75_Windows,SMALL
40,DATASET_2,FACE_DETECT,0,0,286,0, 0, 0, 311,Chrome_75_Windows,SMALL
41,DATASET_2,FACE_DETECT,0,0,247,0, 0, 0, 275,Chrome_75_Windows,SMALL
42,DATASET_2,FACE_DETECT,0,0,248,0, 0, 0, 274,Chrome_75_Windows,SMALL
43,DATASET_2,FACE_DETECT,0,0,243,0, 0, 0, 270,Chrome_75_Windows,SMALL
44,DATASET_2,FACE_DETECT,0,0,242,0, 0, 0, 266,Chrome_75_Windows,SMALL
45,DATASET_2,FACE_DETECT,0,0,240,0, 0, 0, 256,Chrome_75_Windows,SMALL
46,DATASET_2,FACE_DETECT,0,0,248,0, 0, 0, 252,Chrome_75_Windows,SMALL
47,DATASET_2,FACE_DETECT,0,0,243,0, 0, 0, 248,Chrome_75_Windows,SMALL
48,DATASET_2,FACE_DETECT,0,0,246,0, 0, 0, 270,Chrome_75_Windows,SMALL
49,DATASET_2,FACE_DETECT,0,0,240,0, 0, 0, 263,Chrome_75_Windows,SMALL
50,DATASET_2,FACE_DETECT,0,0,238,0, 0, 0, 264,Chrome_75_Windows,SMALL
51,DATASET_2,FACE_DETECT,0,0,242,0, 0, 0, 266,Chrome_75_Windows,SMALL
52,DATASET_2,FACE_DETECT,0,0,242,0, 0, 0, 266,Chrome_75_Windows,SMALL
53,DATASET_2,FACE_DETECT,0,0,241,0, 0, 0, 268,Chrome_75_Windows,SMALL
54,DATASET_2,FACE_DETECT,0,0,242,0, 0, 0, 269,Chrome_75_Windows,SMALL
55,DATASET_2,FACE_DETECT,0,0,238,0, 0, 0, 265,Chrome_75_Windows,SMALL
56,DATASET_2,FACE_DETECT,0,0,235,0, 0, 0, 251,Chrome_75_Windows,SMALL
57,DATASET_2,FACE_DETECT,0,0,316,0, 0, 0, 320,Chrome_75_Windows,SMALL
58,DATASET_2,FACE_DETECT,0,0,256,1, 0, 0, 262,Chrome_75_Windows,SMALL
59,DATASET_2,FACE_DETECT,0,0,240,0, 0, 0, 256,Chrome_75_Windows,SMALL
60,DATASET_2,FACE_DETECT,0,0,238,0, 0, 0, 262,Chrome_75_Windows,SMALL
61,DATASET_2,FACE_DETECT,0,0,230,0, 0, 0, 253,Chrome_75_Windows,SMALL
62,DATASET_2,FACE_DETECT,0,0,228,0, 0, 0, 248,Chrome_75_Windows,SMALL
63,DATASET_2,FACE_DETECT,0,0,234,0, 0, 0, 256,Chrome_75_Windows,SMALL
64,DATASET_2,FACE_DETECT,0,0,230,0, 0, 0, 254,Chrome_75_Windows,SMALL
65,DATASET_2,FACE_DETECT,0,0,232,0, 0, 0, 255,Chrome_75_Windows,SMALL
66,DATASET_2,FACE_DETECT,0,0,228,0, 0, 0, 252,Chrome_75_Windows,SMALL
67,DATASET_2,FACE_DETECT,0,0,234,0, 0, 0, 257,Chrome_75_Windows,SMALL
68,DATASET_2,FACE_DETECT,0,0,244,1, 0, 0, 274,Chrome_75_Windows,SMALL
69,DATASET_2,FACE_DETECT,0,0,246,0, 0, 0, 272,Chrome_75_Windows,SMALL
70,DATASET_2,FACE_DETECT,0,0,245,0, 0, 0, 260,Chrome_75_Windows,SMALL
71,DATASET_2,FACE_DETECT,0,0,250,0, 0, 0, 255,Chrome_75_Windows,SMALL
72,DATASET_2,FACE_DETECT,0,0,232,0, 0, 0, 256,Chrome_75_Windows,SMALL
73,DATASET_2,FACE_DETECT,0,0,246,0, 0, 0, 269,Chrome_75_Windows,SMALL
74,DATASET_2,FACE_DETECT,0,0,240,1, 0, 0, 263,Chrome_75_Windows,SMALL
75,DATASET_2,FACE_DETECT,0,0,251,0, 0, 0, 274,Chrome_75_Windows,SMALL
76,DATASET_2,FACE_DETECT,0,0,243,0, 0, 0, 267,Chrome_75_Windows,SMALL
77,DATASET_2,FACE_DETECT,1,0,238,0, 0, 0, 264,Chrome_75_Windows,SMALL
78,DATASET_2,FACE_DETECT,0,0,239,0, 0, 0, 264,Chrome_75_Windows,SMALL
79,DATASET_2,FACE_DETECT,1,0,341,0, 0, 0, 363,Chrome_75_Windows,SMALL
80,DATASET_2,FACE_DETECT,1,0,246,0, 0, 0, 270,Chrome_75_Windows,SMALL
81,DATASET_2,FACE_DETECT,1,0,231,0, 0, 0, 265,Chrome_75_Windows,SMALL
82,DATASET_2,FACE_DETECT,1,0,220,0, 0, 0, 243,Chrome_75_Windows,SMALL
83,DATASET_2,FACE_DETECT,1,0,215,0, 0, 0, 219,Chrome_75_Windows,SMALL
84,DATASET_2,FACE_DETECT,1,0,221,0, 0, 0, 244,Chrome_75_Windows,SMALL
85,DATASET_2,FACE_DETECT,1,0,229,0, 0, 0, 257,Chrome_75_Windows,SMALL
86,DATASET_2,FACE_DETECT,1,0,228,0, 0, 0, 253,Chrome_75_Windows,SMALL
87,DATASET_2,FACE_DETECT,1,0,229,0, 0, 0, 251,Chrome_75_Windows,SMALL
88,DATASET_2,FACE_DETECT,1,0,229,0, 0, 0, 256,Chrome_75_Windows,SMALL
89,DATASET_2,FACE_DETECT,0,0,228,0, 0, 0, 257,Chrome_75_Windows,SMALL
90,DATASET_2,FACE_DETECT,0,0,235,0, 0, 0, 262,Chrome_75_Windows,SMALL
91,DATASET_2,FACE_DETECT,1,0,231,0, 0, 0, 258,Chrome_75_Windows,SMALL
92,DATASET_2,FACE_DETECT,1,0,241,2, 0, 0, 280,Chrome_75_Windows,SMALL
93,DATASET_2,FACE_DETECT,0,0,236,0, 0, 0, 266,Chrome_75_Windows,SMALL
94,DATASET_2,FACE_DETECT,0,0,239,0, 0, 0, 264,Chrome_75_Windows,SMALL
95,DATASET_2,FACE_DETECT,1,0,236,0, 0, 0, 263,Chrome_75_Windows,SMALL
96,DATASET_2,FACE_DETECT,0,0,283,0, 0, 0, 310,Chrome_75_Windows,SMALL
97,DATASET_2,FACE_DETECT,1,0,269,0, 0, 0, 303,Chrome_75_Windows,SMALL
98,DATASET_2,FACE_DETECT,0,0,237,0, 0, 0, 266,Chrome_75_Windows,SMALL
99,DATASET_2,FACE_DETECT,0,0,235,0, 0, 0, 252,Chrome_75_Windows,SMALL
100,DATASET_2,FACE_DETECT,0,0,234,0, 0, 0, 239,Chrome_75_Windows,SMALL
101,DATASET_2,FACE_DETECT,0,0,233,0, 0, 0, 237,Chrome_75_Windows,SMALL
102,DATASET_2,FACE_DETECT,1,0,233,0, 0, 0, 260,Chrome_75_Windows,SMALL
103,DATASET_2,FACE_DETECT,1,0,238,0, 0, 0, 264,Chrome_75_Windows,SMALL
104,DATASET_2,FACE_DETECT,1,0,237,0, 0, 0, 260,Chrome_75_Windows,SMALL
105,DATASET_2,FACE_DETECT,1,0,243,1, 0, 0, 271,Chrome_75_Windows,SMALL
106,DATASET_2,FACE_DETECT,1,0,239,1, 0, 0, 266,Chrome_75_Windows,SMALL
107,DATASET_2,FACE_DETECT,1,0,244,0, 0, 0, 267,Chrome_75_Windows,SMALL
108,DATASET_2,FACE_DETECT,1,0,240,0, 0, 0, 264,Chrome_75_Windows,SMALL
109,DATASET_2,FACE_DETECT,2,0,244,0, 0, 0, 269,Chrome_75_Windows,SMALL
110,DATASET_2,FACE_DETECT,1,0,244,0, 0, 0, 268,Chrome_75_Windows,SMALL
111,DATASET_2,FACE_DETECT,1,0,241,0, 0, 0, 265,Chrome_75_Windows,SMALL
112,DATASET_2,FACE_DETECT,2,0,245,0, 0, 0, 271,Chrome_75_Windows,SMALL
113,DATASET_2,FACE_DETECT,1,0,241,0, 0, 0, 269,Chrome_75_Windows,SMALL
114,DATASET_2,FACE_DETECT,2,0,245,0, 0, 0, 270,Chrome_75_Windows,SMALL
115,DATASET_2,FACE_DETECT,1,0,241,0, 0, 0, 269,Chrome_75_Windows,SMALL
116,DATASET_2,FACE_DETECT,1,0,232,0, 0, 0, 261,Chrome_75_Windows,SMALL
117,DATASET_2,FACE_DETECT,1,0,242,0, 0, 0, 265,Chrome_75_Windows,SMALL
118,DATASET_2,FACE_DETECT,1,0,240,0, 0, 0, 266,Chrome_75_Windows,SMALL
119,DATASET_2,FACE_DETECT,1,0,247,0, 0, 0, 264,Chrome_75_Windows,SMALL
120,DATASET_2,FACE_DETECT,1,0,249,0, 0, 0, 265,Chrome_75_Windows,SMALL
121,DATASET_2,FACE_DETECT,1,0,250,0, 0, 0, 273,Chrome_75_Windows,SMALL
122,DATASET_2,FACE_DETECT,2,0,226,0, 0, 0, 249,Chrome_75_Windows,SMALL
123,DATASET_2,FACE_DETECT,2,0,240,0, 0, 0, 265,Chrome_75_Windows,SMALL
124,DATASET_2,FACE_DETECT,2,0,253,0, 0, 0, 283,Chrome_75_Windows,SMALL
125,DATASET_2,FACE_DETECT,2,0,242,1, 0, 0, 271,Chrome_75_Windows,SMALL
126,DATASET_2,FACE_DETECT,2,0,228,0, 0, 0, 259,Chrome_75_Windows,SMALL
127,DATASET_2,FACE_DETECT,2,0,226,0, 0, 0, 252,Chrome_75_Windows,SMALL
128,DATASET_2,FACE_DETECT,2,0,229,0, 0, 0, 255,Chrome_75_Windows,SMALL
129,DATASET_2,FACE_DETECT,2,0,236,1, 0, 0, 268,Chrome_75_Windows,SMALL
130,DATASET_2,FACE_DETECT,2,0,240,1, 0, 0, 266,Chrome_75_Windows,SMALL
131,DATASET_2,FACE_DETECT,2,0,225,0, 0, 0, 251,Chrome_75_Windows,SMALL
132,DATASET_2,FACE_DETECT,2,0,227,0, 0, 0, 252,Chrome_75_Windows,SMALL
133,DATASET_2,FACE_DETECT,2,0,229,0, 0, 0, 257,Chrome_75_Windows,SMALL
134,DATASET_2,FACE_DETECT,2,0,229,0, 0, 0, 253,Chrome_75_Windows,SMALL
135,DATASET_2,FACE_DETECT,2,0,288,0, 0, 0, 318,Chrome_75_Windows,SMALL
136,DATASET_2,FACE_DETECT,2,0,257,1, 0, 0, 294,Chrome_75_Windows,SMALL
137,DATASET_2,FACE_DETECT,2,0,229,1, 0, 0, 261,Chrome_75_Windows,SMALL
138,DATASET_2,FACE_DETECT,2,0,227,0, 0, 0, 251,Chrome_75_Windows,SMALL
139,DATASET_2,FACE_DETECT,2,0,225,0, 0, 0, 241,Chrome_75_Windows,SMALL
140,DATASET_2,FACE_DETECT,2,0,228,0, 0, 0, 232,Chrome_75_Windows,SMALL
141,DATASET_2,FACE_DETECT,2,0,227,0, 0, 0, 232,Chrome_75_Windows,SMALL
142,DATASET_2,FACE_DETECT,2,0,232,0, 0, 0, 256,Chrome_75_Windows,SMALL
143,DATASET_2,FACE_DETECT,2,0,239,1, 0, 0, 270,Chrome_75_Windows,SMALL
144,DATASET_2,FACE_DETECT,2,0,235,0, 0, 0, 255,Chrome_75_Windows,SMALL
145,DATASET_2,FACE_DETECT,2,0,231,0, 0, 0, 249,Chrome_75_Windows,SMALL
146,DATASET_2,FACE_DETECT,2,0,230,0, 0, 0, 234,Chrome_75_Windows,SMALL
147,DATASET_2,FACE_DETECT,2,0,249,0, 0, 0, 274,Chrome_75_Windows,SMALL
148,DATASET_2,FACE_DETECT,0,0,245,0, 0, 0, 266,Chrome_75_Windows,SMALL
149,DATASET_2,FACE_DETECT,0,0,236,0, 0, 0, 260,Chrome_75_Windows,SMALL
150,DATASET_2,FACE_DETECT,0,0,243,0, 0, 0, 265,Chrome_75_Windows,SMALL
151,DATASET_2,FACE_DETECT,0,0,237,0, 0, 0, 261,Chrome_75_Windows,SMALL
152,DATASET_2,FACE_DETECT,0,0,263,0, 0, 0, 281,Chrome_75_Windows,SMALL
153,DATASET_2,FACE_DETECT,0,0,247,1, 0, 0, 271,Chrome_75_Windows,SMALL
154,DATASET_2,FACE_DETECT,0,0,235,0, 0, 0, 257,Chrome_75_Windows,SMALL
155,DATASET_2,FACE_DETECT,0,0,241,0, 0, 0, 266,Chrome_75_Windows,SMALL
156,DATASET_2,FACE_DETECT,0,0,238,0, 0, 0, 262,Chrome_75_Windows,SMALL
157,DATASET_2,FACE_DETECT,0,0,244,0, 0, 0, 270,Chrome_75_Windows,SMALL
158,DATASET_2,FACE_DETECT,0,0,232,0, 0, 0, 259,Chrome_75_Windows,SMALL
159,DATASET_2,FACE_DETECT,0,0,238,0, 0, 0, 261,Chrome_75_Windows,SMALL
160,DATASET_2,FACE_DETECT,0,0,242,1, 0, 0, 270,Chrome_75_Windows,SMALL
161,DATASET_2,FACE_DETECT,0,0,237,0, 0, 0, 263,Chrome_75_Windows,SMALL
162,DATASET_2,FACE_DETECT,0,0,232,0, 0, 0, 256,Chrome_75_Windows,SMALL
163,DATASET_2,FACE_DETECT,1,0,241,1, 0, 0, 272,Chrome_75_Windows,SMALL
164,DATASET_2,FACE_DETECT,0,0,240,0, 0, 0, 267,Chrome_75_Windows,SMALL
165,DATASET_2,FACE_DETECT,0,0,234,0, 0, 0, 257,Chrome_75_Windows,SMALL
166,DATASET_2,FACE_DETECT,0,0,233,0, 0, 0, 259,Chrome_75_Windows,SMALL
167,DATASET_2,FACE_DETECT,0,0,233,0, 0, 0, 254,Chrome_75_Windows,SMALL
168,DATASET_2,FACE_DETECT,0,0,229,0, 0, 0, 254,Chrome_75_Windows,SMALL
169,DATASET_2,FACE_DETECT,0,0,229,0, 0, 0, 253,Chrome_75_Windows,SMALL
170,DATASET_2,FACE_DETECT,0,0,231,0, 0, 0, 260,Chrome_75_Windows,SMALL
171,DATASET_2,FACE_DETECT,0,0,234,0, 0, 0, 260,Chrome_75_Windows,SMALL
172,DATASET_2,FACE_DETECT,0,0,235,0, 0, 0, 260,Chrome_75_Windows,SMALL
173,DATASET_2,FACE_DETECT,0,0,257,0, 0, 0, 283,Chrome_75_Windows,SMALL
174,DATASET_2,FACE_DETECT,0,0,239,0, 0, 0, 267,Chrome_75_Windows,SMALL
175,DATASET_2,FACE_DETECT,0,0,309,0, 0, 0, 337,Chrome_75_Windows,SMALL
176,DATASET_2,FACE_DETECT,0,0,232,0, 0, 0, 255,Chrome_75_Windows,SMALL
177,DATASET_2,FACE_DETECT,1,0,239,0, 0, 0, 266,Chrome_75_Windows,SMALL
178,DATASET_2,FACE_DETECT,0,0,240,0, 0, 0, 264,Chrome_75_Windows,SMALL
179,DATASET_2,FACE_DETECT,0,0,251,2, 0, 0, 284,Chrome_75_Windows,SMALL
180,DATASET_2,FACE_DETECT,0,0,233,0, 0, 0, 257,Chrome_75_Windows,SMALL
181,DATASET_2,FACE_DETECT,0,0,234,0, 0, 0, 250,Chrome_75_Windows,SMALL
182,DATASET_2,FACE_DETECT,0,0,256,0, 0, 0, 279,Chrome_75_Windows,SMALL
183,DATASET_2,FACE_DETECT,1,0,246,0, 0, 0, 266,Chrome_75_Windows,SMALL
184,DATASET_2,FACE_DETECT,0,0,239,0, 0, 0, 262,Chrome_75_Windows,SMALL
185,DATASET_2,FACE_DETECT,1,0,254,0, 0, 0, 278,Chrome_75_Windows,SMALL
186,DATASET_2,FACE_DETECT,1,0,242,0, 0, 0, 268,Chrome_75_Windows,SMALL
187,DATASET_2,FACE_DETECT,1,0,235,0, 0, 0, 259,Chrome_75_Windows,SMALL
188,DATASET_2,FACE_DETECT,1,0,240,0, 0, 0, 267,Chrome_75_Windows,SMALL
189,DATASET_2,FACE_DETECT,1,0,255,0, 0, 0, 283,Chrome_75_Windows,SMALL
190,DATASET_2,FACE_DETECT,1,0,256,0, 0, 0, 278,Chrome_75_Windows,SMALL
191,DATASET_2,FACE_DETECT,1,0,246,0, 0, 0, 264,Chrome_75_Windows,SMALL
192,DATASET_2,FACE_DETECT,1,0,257,0, 0, 0, 280,Chrome_75_Windows,SMALL
193,DATASET_2,FACE_DETECT,0,0,242,0, 0, 0, 265,Chrome_75_Windows,SMALL
194,DATASET_2,FACE_DETECT,1,0,244,0, 0, 0, 264,Chrome_75_Windows,SMALL
195,DATASET_2,FACE_DETECT,1,0,249,0, 0, 0, 274,Chrome_75_Windows,SMALL
196,DATASET_2,FACE_DETECT,1,0,249,0, 0, 0, 274,Chrome_75_Windows,SMALL
197,DATASET_2,FACE_DETECT,1,0,251,0, 0, 0, 274,Chrome_75_Windows,SMALL
198,DATASET_2,FACE_DETECT,2,0,245,0, 0, 0, 269,Chrome_75_Windows,SMALL
199,DATASET_2,FACE_DETECT,1,0,253,0, 0, 0, 275,Chrome_75_Windows,SMALL
200,DATASET_2,FACE_DETECT,1,0,250,0, 0, 0, 276,Chrome_75_Windows,SMALL
201,DATASET_2,FACE_DETECT,1,0,248,0, 0, 0, 274,Chrome_75_Windows,SMALL
202,DATASET_2,FACE_DETECT,1,0,245,0, 0, 0, 262,Chrome_75_Windows,SMALL
203,DATASET_2,FACE_DETECT,1,0,248,0, 0, 0, 253,Chrome_75_Windows,SMALL
204,DATASET_2,FACE_DETECT,0,0,231,0, 0, 0, 251,Chrome_75_Windows,SMALL
205,DATASET_2,FACE_DETECT,0,0,225,0, 0, 0, 247,Chrome_75_Windows,SMALL
206,DATASET_2,FACE_DETECT,0,0,224,0, 0, 0, 229,Chrome_75_Windows,SMALL
207,DATASET_2,FACE_DETECT,0,0,231,2, 0, 0, 265,Chrome_75_Windows,SMALL
208,DATASET_2,FACE_DETECT,1,0,224,0, 0, 0, 250,Chrome_75_Windows,SMALL
209,DATASET_2,FACE_DETECT,1,0,231,0, 0, 0, 235,Chrome_75_Windows,SMALL
210,DATASET_2,FACE_DETECT,2,0,239,0, 0, 0, 264,Chrome_75_Windows,SMALL
211,DATASET_2,FACE_DETECT,1,0,242,1, 0, 0, 269,Chrome_75_Windows,SMALL
212,DATASET_2,FACE_DETECT,1,0,238,0, 0, 0, 268,Chrome_75_Windows,SMALL
213,DATASET_2,FACE_DETECT,0,0,272,0, 0, 0, 298,Chrome_75_Windows,SMALL
214,DATASET_2,FACE_DETECT,2,0,305,0, 0, 0, 336,Chrome_75_Windows,SMALL
215,DATASET_2,FACE_DETECT,1,0,230,0, 0, 0, 255,Chrome_75_Windows,SMALL
216,DATASET_2,FACE_DETECT,0,0,230,0, 0, 0, 253,Chrome_75_Windows,SMALL
217,DATASET_2,FACE_DETECT,0,0,223,0, 0, 0, 242,Chrome_75_Windows,SMALL
218,DATASET_2,FACE_DETECT,0,0,227,0, 0, 0, 231,Chrome_75_Windows,SMALL
219,DATASET_2,FACE_DETECT,1,0,226,0, 0, 0, 245,Chrome_75_Windows,SMALL
220,DATASET_2,FACE_DETECT,0,0,226,0, 0, 0, 250,Chrome_75_Windows,SMALL
221,DATASET_2,FACE_DETECT,0,0,228,0, 0, 0, 251,Chrome_75_Windows,SMALL
222,DATASET_2,FACE_DETECT,0,0,222,0, 0, 0, 245,Chrome_75_Windows,SMALL
223,DATASET_2,FACE_DETECT,0,0,223,0, 0, 0, 228,Chrome_75_Windows,SMALL
224,DATASET_2,FACE_DETECT,0,0,224,0, 0, 0, 252,Chrome_75_Windows,SMALL
225,DATASET_2,FACE_DETECT,1,0,225,0, 0, 0, 253,Chrome_75_Windows,SMALL
226,DATASET_2,FACE_DETECT,1,0,234,0, 0, 0, 250,Chrome_75_Windows,SMALL
227,DATASET_2,FACE_DETECT,1,0,232,0, 0, 0, 236,Chrome_75_Windows,SMALL
228,DATASET_2,FACE_DETECT,1,0,240,0, 0, 0, 244,Chrome_75_Windows,SMALL
229,DATASET_2,FACE_DETECT,0,0,250,1, 0, 0, 277,Chrome_75_Windows,SMALL
230,DATASET_2,FACE_DETECT,0,0,243,0, 0, 0, 269,Chrome_75_Windows,SMALL
231,DATASET_2,FACE_DETECT,0,0,240,0, 0, 0, 267,Chrome_75_Windows,SMALL
232,DATASET_2,FACE_DETECT,0,0,240,0, 0, 0, 268,Chrome_75_Windows,SMALL
233,DATASET_2,FACE_DETECT,0,0,236,0, 0, 0, 265,Chrome_75_Windows,SMALL
234,DATASET_2,FACE_DETECT,0,0,246,0, 0, 0, 273,Chrome_75_Windows,SMALL
235,DATASET_2,FACE_DETECT,0,0,239,0, 0, 0, 266,Chrome_75_Windows,SMALL
236,DATASET_2,FACE_DETECT,0,0,243,0, 0, 0, 270,Chrome_75_Windows,SMALL
237,DATASET_2,FACE_DETECT,0,0,237,0, 0, 0, 263,Chrome_75_Windows,SMALL
238,DATASET_2,FACE_DETECT,2,0,247,0, 0, 0, 274,Chrome_75_Windows,SMALL
239,DATASET_2,FACE_DETECT,0,0,243,0, 0, 0, 270,Chrome_75_Windows,SMALL
240,DATASET_2,FACE_DETECT,0,0,245,1, 0, 0, 274,Chrome_75_Windows,SMALL
241,DATASET_2,FACE_DETECT,1,0,238,0, 0, 0, 265,Chrome_75_Windows,SMALL
242,DATASET_2,FACE_DETECT,1,0,235,0, 0, 0, 259,Chrome_75_Windows,SMALL
243,DATASET_2,FACE_DETECT,0,0,233,0, 0, 0, 262,Chrome_75_Windows,SMALL
244,DATASET_2,FACE_DETECT,0,0,243,2, 0, 0, 279,Chrome_75_Windows,SMALL
245,DATASET_2,FACE_DETECT,1,0,234,0, 0, 0, 250,Chrome_75_Windows,SMALL
246,DATASET_2,FACE_DETECT,1,0,231,0, 0, 0, 235,Chrome_75_Windows,SMALL
247,DATASET_2,FACE_DETECT,1,0,230,0, 0, 0, 235,Chrome_75_Windows,SMALL
248,DATASET_2,FACE_DETECT,0,0,260,0, 0, 0, 281,Chrome_75_Windows,SMALL
249,DATASET_2,FACE_DETECT,0,0,257,0, 0, 0, 279,Chrome_75_Windows,SMALL
250,DATASET_2,FACE_DETECT,0,0,270,0, 0, 0, 292,Chrome_75_Windows,SMALL
251,DATASET_2,FACE_DETECT,0,0,258,0, 0, 0, 281,Chrome_75_Windows,SMALL
252,DATASET_2,FACE_DETECT,0,0,305,0, 0, 0, 331,Chrome_75_Windows,SMALL
253,DATASET_2,FACE_DETECT,0,0,307,0, 0, 0, 323,Chrome_75_Windows,SMALL
254,DATASET_2,FACE_DETECT,0,0,257,0, 0, 0, 278,Chrome_75_Windows,SMALL
255,DATASET_2,FACE_DETECT,0,0,273,0, 0, 0, 291,Chrome_75_Windows,SMALL
256,DATASET_2,FACE_DETECT,0,0,269,1, 0, 0, 290,Chrome_75_Windows,SMALL
257,DATASET_2,FACE_DETECT,0,0,265,0, 0, 0, 285,Chrome_75_Windows,SMALL
258,DATASET_2,FACE_DETECT,0,0,269,0, 0, 0, 290,Chrome_75_Windows,SMALL
259,DATASET_2,FACE_DETECT,0,0,273,0, 0, 0, 291,Chrome_75_Windows,SMALL
260,DATASET_2,FACE_DETECT,0,0,289,0, 0, 0, 311,Chrome_75_Windows,SMALL
261,DATASET_2,FACE_DETECT,0,0,276,0, 0, 0, 295,Chrome_75_Windows,SMALL
262,DATASET_2,FACE_DETECT,0,0,274,0, 0, 0, 294,Chrome_75_Windows,SMALL
263,DATASET_2,FACE_DETECT,0,0,282,0, 0, 0, 300,Chrome_75_Windows,SMALL
264,DATASET_2,FACE_DETECT,0,0,275,0, 0, 0, 295,Chrome_75_Windows,SMALL
265,DATASET_2,FACE_DETECT,0,0,276,0, 0, 0, 295,Chrome_75_Windows,SMALL
266,DATASET_2,FACE_DETECT,0,0,273,0, 0, 0, 294,Chrome_75_Windows,SMALL
267,DATASET_2,FACE_DETECT,0,0,264,0, 0, 0, 285,Chrome_75_Windows,SMALL
268,DATASET_2,FACE_DETECT,0,0,262,0, 0, 0, 281,Chrome_75_Windows,SMALL
269,DATASET_2,FACE_DETECT,0,0,270,0, 0, 0, 293,Chrome_75_Windows,SMALL
270,DATASET_2,FACE_DETECT,0,0,257,0, 0, 0, 274,Chrome_75_Windows,SMALL
271,DATASET_2,FACE_DETECT,0,0,250,0, 0, 0, 255,Chrome_75_Windows,SMALL
272,DATASET_2,FACE_DETECT,0,0,244,0, 0, 0, 266,Chrome_75_Windows,SMALL
273,DATASET_2,FACE_DETECT,0,0,246,0, 0, 0, 269,Chrome_75_Windows,SMALL
274,DATASET_2,FACE_DETECT,0,0,250,0, 0, 0, 279,Chrome_75_Windows,SMALL
275,DATASET_2,FACE_DETECT,0,0,243,0, 0, 0, 262,Chrome_75_Windows,SMALL
276,DATASET_2,FACE_DETECT,0,0,244,0, 0, 0, 263,Chrome_75_Windows,SMALL
277,DATASET_2,FACE_DETECT,0,0,241,0, 0, 0, 263,Chrome_75_Windows,SMALL
278,DATASET_2,FACE_DETECT,0,0,237,0, 0, 0, 261,Chrome_75_Windows,SMALL
279,DATASET_2,FACE_DETECT,0,0,242,0, 0, 0, 267,Chrome_75_Windows,SMALL
280,DATASET_2,FACE_DETECT,0,0,236,0, 0, 0, 259,Chrome_75_Windows,SMALL
281,DATASET_2,FACE_DETECT,0,0,240,0, 0, 0, 264,Chrome_75_Windows,SMALL
282,DATASET_2,FACE_DETECT,0,0,242,0, 0, 0, 270,Chrome_75_Windows,SMALL
283,DATASET_2,FACE_DETECT,0,0,246,0, 0, 0, 265,Chrome_75_Windows,SMALL
284,DATASET_2,FACE_DETECT,0,0,240,0, 0, 0, 259,Chrome_75_Windows,SMALL
285,DATASET_2,FACE_DETECT,0,0,230,0, 0, 0, 252,Chrome_75_Windows,SMALL
286,DATASET_2,FACE_DETECT,0,0,223,0, 0, 0, 239,Chrome_75_Windows,SMALL
287,DATASET_2,FACE_DETECT,0,0,225,0, 0, 0, 229,Chrome_75_Windows,SMALL
288,DATASET_2,FACE_DETECT,0,0,228,1, 0, 0, 249,Chrome_75_Windows,SMALL
289,DATASET_2,FACE_DETECT,0,0,230,0, 0, 0, 235,Chrome_75_Windows,SMALL
290,DATASET_2,FACE_DETECT,0,0,389,0, 0, 0, 393,Chrome_75_Windows,SMALL
291,DATASET_2,FACE_DETECT,1,0,221,0, 0, 0, 244,Chrome_75_Windows,SMALL
292,DATASET_2,FACE_DETECT,1,0,225,0, 0, 0, 228,Chrome_75_Windows,SMALL
293,DATASET_2,FACE_DETECT,1,0,218,0, 0, 0, 242,Chrome_75_Windows,SMALL
294,DATASET_2,FACE_DETECT,1,0,223,0, 0, 0, 246,Chrome_75_Windows,SMALL
295,DATASET_2,FACE_DETECT,1,0,225,0, 0, 0, 253,Chrome_75_Windows,SMALL
296,DATASET_2,FACE_DETECT,1,0,232,0, 0, 0, 259,Chrome_75_Windows,SMALL
297,DATASET_2,FACE_DETECT,0,0,237,0, 0, 0, 260,Chrome_75_Windows,SMALL
298,DATASET_2,FACE_DETECT,1,0,232,0, 0, 0, 257,Chrome_75_Windows,SMALL
299,DATASET_2,FACE_DETECT,1,0,214,0, 0, 0, 237,Chrome_75_Windows,SMALL
300,DATASET_2,FACE_DETECT,1,0,214,0, 0, 0, 219,Chrome_75_Windows,SMALL
301,DATASET_2,FACE_DETECT,1,0,216,0, 0, 0, 243,Chrome_75_Windows,SMALL
302,DATASET_2,FACE_DETECT,1,0,219,0, 0, 0, 252,Chrome_75_Windows,SMALL
303,DATASET_2,FACE_DETECT,1,0,213,0, 0, 0, 241,Chrome_75_Windows,SMALL
304,DATASET_2,FACE_DETECT,1,0,214,0, 0, 0, 219,Chrome_75_Windows,SMALL
305,DATASET_2,FACE_DETECT,1,0,218,0, 0, 0, 244,Chrome_75_Windows,SMALL
306,DATASET_2,FACE_DETECT,1,0,222,0, 0, 0, 250,Chrome_75_Windows,SMALL
307,DATASET_2,FACE_DETECT,1,0,219,0, 0, 0, 246,Chrome_75_Windows,SMALL
308,DATASET_2,FACE_DETECT,1,0,222,0, 0, 0, 248,Chrome_75_Windows,SMALL
309,DATASET_2,FACE_DETECT,2,0,218,0, 0, 0, 245,Chrome_75_Windows,SMALL
310,DATASET_2,FACE_DETECT,2,0,222,0, 0, 0, 248,Chrome_75_Windows,SMALL
311,DATASET_2,FACE_DETECT,2,0,221,0, 0, 0, 250,Chrome_75_Windows,SMALL
312,DATASET_2,FACE_DETECT,2,0,227,0, 0, 0, 254,Chrome_75_Windows,SMALL
313,DATASET_2,FACE_DETECT,2,0,225,0, 0, 0, 251,Chrome_75_Windows,SMALL
314,DATASET_2,FACE_DETECT,2,0,226,0, 0, 0, 242,Chrome_75_Windows,SMALL
315,DATASET_2,FACE_DETECT,2,0,222,0, 0, 0, 226,Chrome_75_Windows,SMALL
316,DATASET_2,FACE_DETECT,2,0,223,0, 0, 0, 227,Chrome_75_Windows,SMALL
317,DATASET_2,FACE_DETECT,2,0,229,0, 0, 0, 233,Chrome_75_Windows,SMALL
318,DATASET_2,FACE_DETECT,1,0,230,1, 0, 0, 258,Chrome_75_Windows,SMALL
319,DATASET_2,FACE_DETECT,1,0,223,0, 0, 0, 240,Chrome_75_Windows,SMALL
320,DATASET_2,FACE_DETECT,1,0,222,0, 0, 0, 225,Chrome_75_Windows,SMALL
321,DATASET_2,FACE_DETECT,1,0,222,0, 0, 0, 243,Chrome_75_Windows,SMALL
322,DATASET_2,FACE_DETECT,0,0,231,0, 0, 0, 255,Chrome_75_Windows,SMALL
323,DATASET_2,FACE_DETECT,0,0,233,0, 0, 0, 256,Chrome_75_Windows,SMALL
324,DATASET_2,FACE_DETECT,0,0,236,0, 0, 0, 258,Chrome_75_Windows,SMALL
325,DATASET_2,FACE_DETECT,0,0,235,0, 0, 0, 261,Chrome_75_Windows,SMALL
326,DATASET_2,FACE_DETECT,0,0,239,0, 0, 0, 264,Chrome_75_Windows,SMALL
327,DATASET_2,FACE_DETECT,0,0,238,0, 0, 0, 262,Chrome_75_Windows,SMALL
328,DATASET_2,FACE_DETECT,0,0,235,0, 0, 0, 262,Chrome_75_Windows,SMALL
329,DATASET_2,FACE_DETECT,0,0,234,0, 0, 0, 259,Chrome_75_Windows,SMALL
330,DATASET_2,FACE_DETECT,0,0,229,0, 0, 0, 255,Chrome_75_Windows,SMALL
331,DATASET_2,FACE_DETECT,0,0,311,0, 0, 0, 339,Chrome_75_Windows,SMALL
332,DATASET_2,FACE_DETECT,0,0,267,0, 0, 0, 301,Chrome_75_Windows,SMALL
333,DATASET_2,FACE_DETECT,0,0,246,0, 0, 0, 272,Chrome_75_Windows,SMALL
334,DATASET_2,FACE_DETECT,0,0,241,0, 0, 0, 269,Chrome_75_Windows,SMALL
335,DATASET_2,FACE_DETECT,0,0,247,0, 0, 0, 272,Chrome_75_Windows,SMALL
336,DATASET_2,FACE_DETECT,0,0,245,0, 0, 0, 272,Chrome_75_Windows,SMALL
337,DATASET_2,FACE_DETECT,0,0,250,0, 0, 0, 275,Chrome_75_Windows,SMALL
338,DATASET_2,FACE_DETECT,0,0,253,0, 0, 0, 280,Chrome_75_Windows,SMALL
339,DATASET_2,FACE_DETECT,0,0,244,0, 0, 0, 275,Chrome_75_Windows,SMALL
340,DATASET_2,FACE_DETECT,0,0,245,0, 0, 0, 272,Chrome_75_Windows,SMALL
341,DATASET_2,FACE_DETECT,0,0,251,0, 0, 0, 279,Chrome_75_Windows,SMALL
342,DATASET_2,FACE_DETECT,0,0,248,0, 0, 0, 276,Chrome_75_Windows,SMALL
343,DATASET_2,FACE_DETECT,0,0,247,0, 0, 0, 277,Chrome_75_Windows,SMALL
344,DATASET_2,FACE_DETECT,0,0,250,0, 0, 0, 267,Chrome_75_Windows,SMALL
345,DATASET_2,FACE_DETECT,0,0,244,1, 0, 0, 249,Chrome_75_Windows,SMALL
346,DATASET_2,FACE_DETECT,0,0,244,0, 0, 0, 263,Chrome_75_Windows,SMALL
347,DATASET_2,FACE_DETECT,0,0,247,0, 0, 0, 270,Chrome_75_Windows,SMALL
348,DATASET_2,FACE_DETECT,0,0,250,0, 0, 0, 270,Chrome_75_Windows,SMALL
349,DATASET_2,FACE_DETECT,0,0,248,0, 0, 0, 269,Chrome_75_Windows,SMALL
350,DATASET_2,FACE_DETECT,0,0,251,0, 0, 0, 273,Chrome_75_Windows,SMALL
351,DATASET_2,FACE_DETECT,0,0,253,0, 0, 0, 272,Chrome_75_Windows,SMALL
352,DATASET_2,FACE_DETECT,0,0,255,1, 0, 0, 277,Chrome_75_Windows,SMALL
353,DATASET_2,FACE_DETECT,1,0,252,0, 0, 0, 273,Chrome_75_Windows,SMALL
354,DATASET_2,FACE_DETECT,1,0,248,0, 0, 0, 271,Chrome_75_Windows,SMALL
355,DATASET_2,FACE_DETECT,0,0,251,0, 0, 0, 277,Chrome_75_Windows,SMALL
356,DATASET_2,FACE_DETECT,0,0,251,0, 0, 0, 280,Chrome_75_Windows,SMALL
357,DATASET_2,FACE_DETECT,0,0,248,0, 0, 0, 274,Chrome_75_Windows,SMALL
358,DATASET_2,FACE_DETECT,0,0,246,0, 0, 0, 273,Chrome_75_Windows,SMALL
359,DATASET_2,FACE_DETECT,0,0,249,0, 0, 0, 277,Chrome_75_Windows,SMALL
360,DATASET_2,FACE_DETECT,0,0,249,0, 0, 0, 275,Chrome_75_Windows,SMALL
361,DATASET_2,FACE_DETECT,0,0,243,0, 0, 0, 260,Chrome_75_Windows,SMALL
362,DATASET_2,FACE_DETECT,0,0,246,0, 0, 0, 250,Chrome_75_Windows,SMALL
363,DATASET_2,FACE_DETECT,1,0,250,0, 0, 0, 276,Chrome_75_Windows,SMALL
364,DATASET_2,FACE_DETECT,2,0,253,0, 0, 0, 279,Chrome_75_Windows,SMALL
365,DATASET_2,FACE_DETECT,2,0,246,0, 0, 0, 275,Chrome_75_Windows,SMALL
366,DATASET_2,FACE_DETECT,0,0,254,0, 0, 0, 275,Chrome_75_Windows,SMALL
367,DATASET_2,FACE_DETECT,1,0,252,0, 0, 0, 275,Chrome_75_Windows,SMALL
368,DATASET_2,FACE_DETECT,0,0,264,0, 0, 0, 291,Chrome_75_Windows,SMALL
369,DATASET_2,FACE_DETECT,0,0,310,0, 0, 0, 337,Chrome_75_Windows,SMALL
370,DATASET_2,FACE_DETECT,1,0,255,0, 0, 0, 281,Chrome_75_Windows,SMALL
371,DATASET_2,FACE_DETECT,0,0,264,0, 0, 0, 287,Chrome_75_Windows,SMALL
372,DATASET_2,FACE_DETECT,0,0,286,0, 0, 0, 312,Chrome_75_Windows,SMALL
373,DATASET_2,FACE_DETECT,0,0,264,0, 0, 0, 291,Chrome_75_Windows,SMALL
374,DATASET_2,FACE_DETECT,0,0,276,1, 0, 0, 299,Chrome_75_Windows,SMALL
375,DATASET_2,FACE_DETECT,0,0,249,0, 0, 0, 271,Chrome_75_Windows,SMALL
376,DATASET_2,FACE_DETECT,0,0,274,0, 0, 0, 300,Chrome_75_Windows,SMALL
377,DATASET_2,FACE_DETECT,0,0,254,0, 0, 0, 276,Chrome_75_Windows,SMALL
378,DATASET_2,FACE_DETECT,0,0,248,1, 0, 0, 274,Chrome_75_Windows,SMALL
379,DATASET_2,FACE_DETECT,0,0,247,0, 0, 0, 272,Chrome_75_Windows,SMALL
380,DATASET_2,FACE_DETECT,0,0,249,0, 0, 0, 275,Chrome_75_Windows,SMALL
381,DATASET_2,FACE_DETECT,0,0,244,0, 0, 0, 264,Chrome_75_Windows,SMALL
382,DATASET_2,FACE_DETECT,0,0,253,0, 0, 0, 278,Chrome_75_Windows,SMALL
383,DATASET_2,FACE_DETECT,0,0,254,0, 0, 0, 276,Chrome_75_Windows,SMALL
384,DATASET_2,FACE_DETECT,0,0,256,0, 0, 0, 275,Chrome_75_Windows,SMALL
385,DATASET_2,FACE_DETECT,1,0,248,0, 0, 0, 273,Chrome_75_Windows,SMALL
386,DATASET_2,FACE_DETECT,0,0,245,0, 0, 0, 267,Chrome_75_Windows,SMALL
387,DATASET_2,FACE_DETECT,0,0,244,0, 0, 0, 268,Chrome_75_Windows,SMALL
388,DATASET_2,FACE_DETECT,0,0,249,0, 0, 0, 272,Chrome_75_Windows,SMALL
389,DATASET_2,FACE_DETECT,0,0,245,0, 0, 0, 266,Chrome_75_Windows,SMALL
390,DATASET_2,FACE_DETECT,0,0,249,0, 0, 0, 271,Chrome_75_Windows,SMALL
391,DATASET_2,FACE_DETECT,0,0,257,0, 0, 0, 287,Chrome_75_Windows,SMALL
392,DATASET_2,FACE_DETECT,0,0,239,0, 0, 0, 266,Chrome_75_Windows,SMALL
393,DATASET_2,FACE_DETECT,0,0,232,0, 0, 0, 256,Chrome_75_Windows,SMALL
394,DATASET_2,FACE_DETECT,0,0,236,0, 0, 0, 263,Chrome_75_Windows,SMALL
395,DATASET_2,FACE_DETECT,0,0,245,0, 0, 0, 271,Chrome_75_Windows,SMALL
396,DATASET_2,FACE_DETECT,0,0,243,0, 0, 0, 275,Chrome_75_Windows,SMALL
397,DATASET_2,FACE_DETECT,0,0,240,0, 0, 0, 268,Chrome_75_Windows,SMALL
398,DATASET_2,FACE_DETECT,0,0,232,0, 0, 0, 250,Chrome_75_Windows,SMALL
399,DATASET_2,FACE_DETECT,1,0,253,0, 0, 0, 278,Chrome_75_Windows,SMALL
400,DATASET_2,FACE_DETECT,1,0,248,0, 0, 0, 264,Chrome_75_Windows,SMALL
401,DATASET_2,FACE_DETECT,1,0,245,0, 0, 0, 250,Chrome_75_Windows,SMALL
402,DATASET_2,FACE_DETECT,0,0,246,0, 0, 0, 265,Chrome_75_Windows,SMALL
403,DATASET_2,FACE_DETECT,3,0,253,0, 0, 0, 276,Chrome_75_Windows,SMALL
404,DATASET_2,FACE_DETECT,2,0,252,0, 0, 0, 273,Chrome_75_Windows,SMALL
405,DATASET_2,FACE_DETECT,3,0,254,0, 0, 0, 276,Chrome_75_Windows,SMALL
406,DATASET_2,FACE_DETECT,1,0,300,0, 0, 0, 322,Chrome_75_Windows,SMALL
407,DATASET_2,FACE_DETECT,1,0,275,0, 0, 0, 297,Chrome_75_Windows,SMALL
408,DATASET_2,FACE_DETECT,1,0,249,0, 0, 0, 272,Chrome_75_Windows,SMALL
409,DATASET_2,FACE_DETECT,3,0,266,0, 0, 0, 293,Chrome_75_Windows,SMALL
410,DATASET_2,FACE_DETECT,3,0,257,0, 0, 0, 280,Chrome_75_Windows,SMALL
411,DATASET_2,FACE_DETECT,1,0,253,0, 0, 0, 278,Chrome_75_Windows,SMALL
412,DATASET_2,FACE_DETECT,2,0,259,0, 0, 0, 284,Chrome_75_Windows,SMALL
413,DATASET_2,FACE_DETECT,1,0,259,0, 0, 0, 289,Chrome_75_Windows,SMALL
414,DATASET_2,FACE_DETECT,2,0,251,0, 0, 0, 267,Chrome_75_Windows,SMALL
415,DATASET_2,FACE_DETECT,1,0,259,0, 0, 0, 285,Chrome_75_Windows,SMALL
416,DATASET_2,FACE_DETECT,1,0,249,0, 0, 0, 273,Chrome_75_Windows,SMALL
417,DATASET_2,FACE_DETECT,0,0,249,0, 0, 0, 271,Chrome_75_Windows,SMALL
418,DATASET_2,FACE_DETECT,0,0,244,0, 0, 0, 266,Chrome_75_Windows,SMALL
419,DATASET_2,FACE_DETECT,0,0,245,0, 0, 0, 274,Chrome_75_Windows,SMALL
420,DATASET_2,FACE_DETECT,1,0,251,0, 0, 0, 276,Chrome_75_Windows,SMALL
421,DATASET_2,FACE_DETECT,1,0,244,0, 0, 0, 271,Chrome_75_Windows,SMALL
422,DATASET_2,FACE_DETECT,1,0,245,0, 0, 0, 272,Chrome_75_Windows,SMALL
423,DATASET_2,FACE_DETECT,1,0,240,0, 0, 0, 269,Chrome_75_Windows,SMALL
424,DATASET_2,FACE_DETECT,1,0,242,0, 0, 0, 275,Chrome_75_Windows,SMALL
425,DATASET_2,FACE_DETECT,1,0,256,0, 0, 0, 283,Chrome_75_Windows,SMALL
426,DATASET_2,FACE_DETECT,1,0,249,0, 0, 0, 274,Chrome_75_Windows,SMALL
427,DATASET_2,FACE_DETECT,1,0,244,0, 0, 0, 270,Chrome_75_Windows,SMALL
428,DATASET_2,FACE_DETECT,1,0,245,0, 0, 0, 272,Chrome_75_Windows,SMALL
429,DATASET_2,FACE_DETECT,1,0,246,0, 0, 0, 266,Chrome_75_Windows,SMALL
430,DATASET_2,FACE_DETECT,1,0,247,0, 0, 0, 268,Chrome_75_Windows,SMALL
431,DATASET_2,FACE_DETECT,0,0,243,0, 0, 0, 262,Chrome_75_Windows,SMALL
432,DATASET_2,FACE_DETECT,0,0,245,0, 0, 0, 266,Chrome_75_Windows,SMALL
433,DATASET_2,FACE_DETECT,0,0,235,0, 0, 0, 256,Chrome_75_Windows,SMALL
434,DATASET_2,FACE_DETECT,0,0,234,0, 0, 0, 252,Chrome_75_Windows,SMALL
435,DATASET_2,FACE_DETECT,0,0,246,0, 0, 0, 269,Chrome_75_Windows,SMALL
436,DATASET_2,FACE_DETECT,1,0,249,0, 0, 0, 270,Chrome_75_Windows,SMALL
437,DATASET_2,FACE_DETECT,0,0,253,0, 0, 0, 275,Chrome_75_Windows,SMALL
438,DATASET_2,FACE_DETECT,0,0,264,0, 0, 0, 286,Chrome_75_Windows,SMALL
439,DATASET_2,FACE_DETECT,0,0,266,0, 0, 0, 284,Chrome_75_Windows,SMALL
440,DATASET_2,FACE_DETECT,0,0,260,0, 0, 0, 278,Chrome_75_Windows,SMALL
441,DATASET_2,FACE_DETECT,0,0,257,0, 0, 0, 279,Chrome_75_Windows,SMALL
442,DATASET_2,FACE_DETECT,2,0,250,0, 0, 0, 274,Chrome_75_Windows,SMALL
443,DATASET_2,FACE_DETECT,0,0,281,0, 0, 0, 306,Chrome_75_Windows,SMALL
444,DATASET_2,FACE_DETECT,0,0,306,0, 0, 0, 324,Chrome_75_Windows,SMALL
445,DATASET_2,FACE_DETECT,0,0,259,0, 0, 0, 264,Chrome_75_Windows,SMALL
446,DATASET_2,FACE_DETECT,0,0,253,0, 0, 0, 276,Chrome_75_Windows,SMALL
447,DATASET_2,FACE_DETECT,0,0,247,0, 0, 0, 274,Chrome_75_Windows,SMALL
448,DATASET_2,FACE_DETECT,0,0,252,0, 0, 0, 277,Chrome_75_Windows,SMALL
449,DATASET_2,FACE_DETECT,1,0,247,0, 0, 0, 268,Chrome_75_Windows,SMALL
450,DATASET_2,FACE_DETECT,0,0,250,0, 0, 0, 272,Chrome_75_Windows,SMALL
451,DATASET_2,FACE_DETECT,0,0,248,0, 0, 0, 273,Chrome_75_Windows,SMALL
452,DATASET_2,FACE_DETECT,0,0,251,0, 0, 0, 273,Chrome_75_Windows,SMALL
453,DATASET_2,FACE_DETECT,0,0,261,0, 0, 0, 286,Chrome_75_Windows,SMALL
454,DATASET_2,FACE_DETECT,0,0,259,0, 0, 0, 277,Chrome_75_Windows,SMALL
455,DATASET_2,FACE_DETECT,1,0,253,0, 0, 0, 273,Chrome_75_Windows,SMALL
456,DATASET_2,FACE_DETECT,0,0,244,0, 0, 0, 262,Chrome_75_Windows,SMALL
457,DATASET_2,FACE_DETECT,1,0,240,0, 0, 0, 260,Chrome_75_Windows,SMALL
458,DATASET_2,FACE_DETECT,0,0,238,0, 0, 0, 263,Chrome_75_Windows,SMALL
459,DATASET_2,FACE_DETECT,1,0,239,0, 0, 0, 258,Chrome_75_Windows,SMALL
460,DATASET_2,FACE_DETECT,0,0,231,0, 0, 0, 254,Chrome_75_Windows,SMALL
461,DATASET_2,FACE_DETECT,0,0,245,0, 0, 0, 268,Chrome_75_Windows,SMALL
462,DATASET_2,FACE_DETECT,0,0,248,0, 0, 0, 271,Chrome_75_Windows,SMALL
463,DATASET_2,FACE_DETECT,0,0,247,0, 0, 0, 268,Chrome_75_Windows,SMALL
464,DATASET_2,FACE_DETECT,0,0,242,0, 0, 0, 262,Chrome_75_Windows,SMALL
465,DATASET_2,FACE_DETECT,0,0,242,0, 0, 0, 261,Chrome_75_Windows,SMALL
466,DATASET_2,FACE_DETECT,1,0,242,0, 0, 0, 268,Chrome_75_Windows,SMALL
467,DATASET_2,FACE_DETECT,1,0,236,0, 0, 0, 254,Chrome_75_Windows,SMALL
468,DATASET_2,FACE_DETECT,1,0,233,0, 0, 0, 256,Chrome_75_Windows,SMALL
469,DATASET_2,FACE_DETECT,1,0,239,0, 0, 0, 269,Chrome_75_Windows,SMALL
470,DATASET_2,FACE_DETECT,1,0,248,0, 0, 0, 270,Chrome_75_Windows,SMALL
471,DATASET_2,FACE_DETECT,2,0,245,0, 0, 0, 271,Chrome_75_Windows,SMALL
472,DATASET_2,FACE_DETECT,2,0,239,0, 0, 0, 262,Chrome_75_Windows,SMALL
473,DATASET_2,FACE_DETECT,1,0,238,0, 0, 0, 261,Chrome_75_Windows,SMALL
474,DATASET_2,FACE_DETECT,0,0,235,0, 0, 0, 259,Chrome_75_Windows,SMALL
475,DATASET_2,FACE_DETECT,0,0,248,1, 0, 0, 274,Chrome_75_Windows,SMALL
476,DATASET_2,FACE_DETECT,0,0,229,0, 0, 0, 252,Chrome_75_Windows,SMALL
477,DATASET_2,FACE_DETECT,0,0,232,0, 0, 0, 256,Chrome_75_Windows,SMALL
478,DATASET_2,FACE_DETECT,0,0,241,0, 0, 0, 261,Chrome_75_Windows,SMALL
479,DATASET_2,FACE_DETECT,0,0,239,0, 0, 0, 263,Chrome_75_Windows,SMALL
480,DATASET_2,FACE_DETECT,1,0,242,0, 0, 0, 267,Chrome_75_Windows,SMALL
481,DATASET_2,FACE_DETECT,1,0,237,0, 0, 0, 258,Chrome_75_Windows,SMALL
482,DATASET_2,FACE_DETECT,1,0,344,0, 0, 0, 376,Chrome_75_Windows,SMALL
483,DATASET_2,FACE_DETECT,1,0,229,0, 0, 0, 247,Chrome_75_Windows,SMALL
484,DATASET_2,FACE_DETECT,1,0,229,0, 0, 0, 234,Chrome_75_Windows,SMALL
485,DATASET_2,FACE_DETECT,1,0,225,0, 0, 0, 254,Chrome_75_Windows,SMALL
486,DATASET_2,FACE_DETECT,0,0,230,0, 0, 0, 255,Chrome_75_Windows,SMALL
487,DATASET_2,FACE_DETECT,0,0,219,0, 0, 0, 244,Chrome_75_Windows,SMALL
488,DATASET_2,FACE_DETECT,0,0,219,0, 0, 0, 223,Chrome_75_Windows,SMALL
489,DATASET_2,FACE_DETECT,0,0,237,0, 0, 0, 259,Chrome_75_Windows,SMALL
490,DATASET_2,FACE_DETECT,1,0,216,0, 0, 0, 242,Chrome_75_Windows,SMALL
491,DATASET_2,FACE_DETECT,1,0,217,0, 0, 0, 222,Chrome_75_Windows,SMALL
492,DATASET_2,FACE_DETECT,1,0,224,0, 0, 0, 250,Chrome_75_Windows,SMALL
493,DATASET_2,FACE_DETECT,0,0,214,0, 0, 0, 239,Chrome_75_Windows,SMALL
494,DATASET_2,FACE_DETECT,0,0,214,0, 0, 0, 238,Chrome_75_Windows,SMALL
495,DATASET_2,FACE_DETECT,0,0,225,0, 0, 0, 252,Chrome_75_Windows,SMALL
496,DATASET_2,FACE_DETECT,0,0,221,0, 0, 0, 248,Chrome_75_Windows,SMALL
497,DATASET_2,FACE_DETECT,0,0,214,0, 0, 0, 243,Chrome_75_Windows,SMALL
498,DATASET_2,FACE_DETECT,0,0,210,0, 0, 0, 214,Chrome_75_Windows,SMALL
499,DATASET_2,FACE_DETECT,0,0,221,0, 0, 0, 247,Chrome_75_Windows,SMALL
500,DATASET_2,FACE_DETECT,0,0,219,0, 0, 0, 245,Chrome_75_Windows,SMALL
501,DATASET_2,FACE_DETECT,0,0,217,0, 0, 0, 241,Chrome_75_Windows,SMALL
502,DATASET_2,FACE_DETECT,0,0,218,0, 0, 0, 244,Chrome_75_Windows,SMALL
503,DATASET_2,FACE_DETECT,0,0,208,0, 0, 0, 231,Chrome_75_Windows,SMALL
504,DATASET_2,FACE_DETECT,0,0,211,0, 0, 0, 235,Chrome_75_Windows,SMALL
505,DATASET_2,FACE_DETECT,0,0,216,0, 0, 0, 233,Chrome_75_Windows,SMALL
506,DATASET_2,FACE_DETECT,0,0,221,0, 0, 0, 238,Chrome_75_Windows,SMALL
507,DATASET_2,FACE_DETECT,0,0,220,0, 0, 0, 227,Chrome_75_Windows,SMALL
508,DATASET_2,FACE_DETECT,0,0,223,0, 0, 0, 228,Chrome_75_Windows,SMALL
509,DATASET_2,FACE_DETECT,0,0,221,0, 0, 0, 243,Chrome_75_Windows,SMALL
510,DATASET_2,FACE_DETECT,0,0,260,0, 0, 0, 284,Chrome_75_Windows,SMALL
511,DATASET_2,FACE_DETECT,0,0,262,0, 0, 0, 287,Chrome_75_Windows,SMALL
512,DATASET_2,FACE_DETECT,0,0,253,0, 0, 0, 276,Chrome_75_Windows,SMALL
513,DATASET_2,FACE_DETECT,0,0,250,0, 0, 0, 275,Chrome_75_Windows,SMALL
514,DATASET_2,FACE_DETECT,1,0,251,0, 0, 0, 283,Chrome_75_Windows,SMALL
515,DATASET_2,FACE_DETECT,0,0,254,0, 0, 0, 276,Chrome_75_Windows,SMALL
516,DATASET_2,FACE_DETECT,0,0,246,1, 0, 0, 270,Chrome_75_Windows,SMALL
517,DATASET_2,FACE_DETECT,0,0,246,0, 0, 0, 270,Chrome_75_Windows,SMALL
518,DATASET_2,FACE_DETECT,0,0,248,0, 0, 0, 278,Chrome_75_Windows,SMALL
519,DATASET_2,FACE_DETECT,0,0,253,0, 0, 0, 277,Chrome_75_Windows,SMALL
520,DATASET_2,FACE_DETECT,0,0,248,0, 0, 0, 276,Chrome_75_Windows,SMALL
521,DATASET_2,FACE_DETECT,0,0,251,0, 0, 0, 274,Chrome_75_Windows,SMALL
522,DATASET_2,FACE_DETECT,0,0,299,0, 0, 0, 315,Chrome_75_Windows,SMALL
523,DATASET_2,FACE_DETECT,0,0,332,0, 0, 0, 353,Chrome_75_Windows,SMALL
524,DATASET_2,FACE_DETECT,0,0,264,0, 0, 0, 280,Chrome_75_Windows,SMALL
525,DATASET_2,FACE_DETECT,0,0,260,0, 0, 0, 279,Chrome_75_Windows,SMALL
526,DATASET_2,FACE_DETECT,0,0,261,0, 0, 0, 278,Chrome_75_Windows,SMALL
527,DATASET_2,FACE_DETECT,0,0,266,0, 0, 0, 286,Chrome_75_Windows,SMALL
528,DATASET_2,FACE_DETECT,1,0,262,0, 0, 0, 285,Chrome_75_Windows,SMALL
529,DATASET_2,FACE_DETECT,0,0,265,0, 0, 0, 290,Chrome_75_Windows,SMALL
530,DATASET_2,FACE_DETECT,0,0,257,0, 0, 0, 284,Chrome_75_Windows,SMALL
531,DATASET_2,FACE_DETECT,0,0,257,0, 0, 0, 283,Chrome_75_Windows,SMALL
532,DATASET_2,FACE_DETECT,0,0,258,0, 0, 0, 282,Chrome_75_Windows,SMALL
533,DATASET_2,FACE_DETECT,0,0,260,0, 0, 0, 276,Chrome_75_Windows,SMALL
534,DATASET_2,FACE_DETECT,0,0,263,0, 0, 0, 267,Chrome_75_Windows,SMALL
535,DATASET_2,FACE_DETECT,0,0,255,0, 0, 0, 259,Chrome_75_Windows,SMALL
536,DATASET_2,FACE_DETECT,1,0,257,0, 0, 0, 279,Chrome_75_Windows,SMALL
537,DATASET_2,FACE_DETECT,0,0,252,0, 0, 0, 276,Chrome_75_Windows,SMALL
538,DATASET_2,FACE_DETECT,1,0,252,0, 0, 0, 276,Chrome_75_Windows,SMALL
539,DATASET_2,FACE_DETECT,0,0,253,0, 0, 0, 277,Chrome_75_Windows,SMALL
540,DATASET_2,FACE_DETECT,0,0,247,0, 0, 0, 271,Chrome_75_Windows,SMALL
541,DATASET_2,FACE_DETECT,0,0,252,0, 0, 0, 276,Chrome_75_Windows,SMALL
542,DATASET_2,FACE_DETECT,1,0,250,0, 0, 0, 274,Chrome_75_Windows,SMALL
543,DATASET_2,FACE_DETECT,0,0,251,0, 0, 0, 275,Chrome_75_Windows,SMALL
544,DATASET_2,FACE_DETECT,1,0,255,0, 0, 0, 281,Chrome_75_Windows,SMALL
545,DATASET_2,FACE_DETECT,0,0,253,0, 0, 0, 278,Chrome_75_Windows,SMALL
546,DATASET_2,FACE_DETECT,1,0,257,0, 0, 0, 279,Chrome_75_Windows,SMALL
547,DATASET_2,FACE_DETECT,1,0,257,0, 0, 0, 283,Chrome_75_Windows,SMALL
548,DATASET_2,FACE_DETECT,0,0,260,1, 0, 0, 289,Chrome_75_Windows,SMALL
549,DATASET_2,FACE_DETECT,0,0,248,0, 0, 0, 271,Chrome_75_Windows,SMALL
550,DATASET_2,FACE_DETECT,0,0,256,0, 0, 0, 277,Chrome_75_Windows,SMALL
551,DATASET_2,FACE_DETECT,0,0,254,0, 0, 0, 277,Chrome_75_Windows,SMALL
552,DATASET_2,FACE_DETECT,0,0,259,0, 0, 0, 283,Chrome_75_Windows,SMALL
553,DATASET_2,FACE_DETECT,0,0,250,0, 0, 0, 273,Chrome_75_Windows,SMALL
554,DATASET_2,FACE_DETECT,0,0,249,0, 0, 0, 273,Chrome_75_Windows,SMALL
555,DATASET_2,FACE_DETECT,0,0,246,0, 0, 0, 270,Chrome_75_Windows,SMALL
556,DATASET_2,FACE_DETECT,0,0,248,0, 0, 0, 272,Chrome_75_Windows,SMALL
557,DATASET_2,FACE_DETECT,0,0,254,0, 0, 0, 277,Chrome_75_Windows,SMALL
558,DATASET_2,FACE_DETECT,0,0,250,0, 0, 0, 273,Chrome_75_Windows,SMALL
559,DATASET_2,FACE_DETECT,0,0,321,0, 0, 0, 342,Chrome_75_Windows,SMALL
560,DATASET_2,FACE_DETECT,1,0,295,0, 0, 0, 325,Chrome_75_Windows,SMALL
561,DATASET_2,FACE_DETECT,0,0,260,0, 0, 0, 280,Chrome_75_Windows,SMALL
562,DATASET_2,FACE_DETECT,0,0,256,0, 0, 0, 280,Chrome_75_Windows,SMALL
563,DATASET_2,FACE_DETECT,0,0,260,0, 0, 0, 283,Chrome_75_Windows,SMALL
564,DATASET_2,FACE_DETECT,1,0,257,0, 0, 0, 278,Chrome_75_Windows,SMALL
565,DATASET_2,FACE_DETECT,1,0,263,0, 0, 0, 291,Chrome_75_Windows,SMALL
566,DATASET_2,FACE_DETECT,0,0,250,0, 0, 0, 277,Chrome_75_Windows,SMALL
567,DATASET_2,FACE_DETECT,0,0,258,0, 0, 0, 282,Chrome_75_Windows,SMALL
568,DATASET_2,FACE_DETECT,0,0,257,0, 0, 0, 282,Chrome_75_Windows,SMALL
569,DATASET_2,FACE_DETECT,0,0,177,1, 0, 0, 210,Chrome_75_Windows,SMALL
570,DATASET_2,FACE_DETECT,0,0,180,0, 0, 0, 190,Chrome_75_Windows,SMALL
571,DATASET_2,FACE_DETECT,0,0,178,0, 0, 0, 205,Chrome_75_Windows,SMALL
572,DATASET_2,FACE_DETECT,0,0,181,0, 0, 0, 207,Chrome_75_Windows,SMALL
573,DATASET_2,FACE_DETECT,0,0,181,0, 0, 0, 208,Chrome_75_Windows,SMALL
574,DATASET_2,FACE_DETECT,0,0,186,0, 0, 0, 212,Chrome_75_Windows,SMALL
575,DATASET_2,FACE_DETECT,0,0,193,0, 0, 0, 220,Chrome_75_Windows,SMALL
576,DATASET_2,FACE_DETECT,0,0,188,0, 0, 0, 215,Chrome_75_Windows,SMALL
577,DATASET_2,FACE_DETECT,0,0,192,0, 0, 0, 208,Chrome_75_Windows,SMALL
578,DATASET_2,FACE_DETECT,0,0,197,0, 0, 0, 223,Chrome_75_Windows,SMALL
579,DATASET_2,FACE_DETECT,0,0,191,0, 0, 0, 195,Chrome_75_Windows,SMALL
580,DATASET_2,FACE_DETECT,0,0,206,1, 0, 0, 240,Chrome_75_Windows,SMALL
581,DATASET_2,FACE_DETECT,0,0,198,0, 0, 0, 227,Chrome_75_Windows,SMALL
582,DATASET_2,FACE_DETECT,0,0,194,0, 0, 0, 221,Chrome_75_Windows,SMALL
583,DATASET_2,FACE_DETECT,0,0,201,0, 0, 0, 228,Chrome_75_Windows,SMALL
584,DATASET_2,FACE_DETECT,0,0,197,0, 0, 0, 215,Chrome_75_Windows,SMALL
585,DATASET_2,FACE_DETECT,0,0,183,0, 0, 0, 210,Chrome_75_Windows,SMALL
586,DATASET_2,FACE_DETECT,0,0,184,0, 0, 0, 188,Chrome_75_Windows,SMALL
587,DATASET_2,FACE_DETECT,1,0,190,0, 0, 0, 217,Chrome_75_Windows,SMALL
588,DATASET_2,FACE_DETECT,1,0,193,0, 0, 0, 221,Chrome_75_Windows,SMALL
589,DATASET_2,FACE_DETECT,1,0,182,0, 0, 0, 214,Chrome_75_Windows,SMALL
590,DATASET_2,FACE_DETECT,0,0,180,0, 0, 0, 209,Chrome_75_Windows,SMALL
591,DATASET_2,FACE_DETECT,1,0,179,0, 0, 0, 210,Chrome_75_Windows,SMALL
592,DATASET_2,FACE_DETECT,0,0,177,0, 0, 0, 208,Chrome_75_Windows,SMALL
593,DATASET_2,FACE_DETECT,0,0,177,0, 0, 0, 209,Chrome_75_Windows,SMALL
594,DATASET_2,FACE_DETECT,0,0,179,0, 0, 0, 206,Chrome_75_Windows,SMALL
595,DATASET_2,FACE_DETECT,0,0,178,0, 0, 0, 207,Chrome_75_Windows,SMALL
596,DATASET_2,FACE_DETECT,0,0,173,0, 0, 0, 203,Chrome_75_Windows,SMALL
597,DATASET_2,FACE_DETECT,0,0,182,0, 0, 0, 211,Chrome_75_Windows,SMALL
598,DATASET_2,FACE_DETECT,0,0,187,0, 0, 0, 216,Chrome_75_Windows,SMALL
599,DATASET_2,FACE_DETECT,0,0,181,0, 0, 0, 207,Chrome_75_Windows,SMALL
600,DATASET_2,FACE_DETECT,0,0,188,0, 0, 0, 213,Chrome_75_Windows,SMALL
601,DATASET_2,FACE_DETECT,0,0,190,0, 0, 0, 219,Chrome_75_Windows,SMALL
602,DATASET_2,FACE_DETECT,0,0,204,0, 0, 0, 230,Chrome_75_Windows,SMALL
603,DATASET_2,FACE_DETECT,0,0,183,0, 0, 0, 202,Chrome_75_Windows,SMALL
604,DATASET_2,FACE_DETECT,0,0,195,0, 0, 0, 221,Chrome_75_Windows,SMALL
605,DATASET_2,FACE_DETECT,0,0,225,0, 0, 0, 247,Chrome_75_Windows,SMALL
606,DATASET_2,FACE_DETECT,0,0,180,0, 0, 0, 200,Chrome_75_Windows,SMALL
607,DATASET_2,FACE_DETECT,0,0,180,0, 0, 0, 185,Chrome_75_Windows,SMALL
608,DATASET_2,FACE_DETECT,1,0,243,1, 0, 0, 277,Chrome_75_Windows,SMALL
609,DATASET_2,FACE_DETECT,1,0,246,1, 0, 0, 277,Chrome_75_Windows,SMALL
610,DATASET_2,FACE_DETECT,0,0,232,0, 0, 0, 255,Chrome_75_Windows,SMALL
611,DATASET_2,FACE_DETECT,0,0,232,0, 0, 0, 260,Chrome_75_Windows,SMALL
612,DATASET_2,FACE_DETECT,1,0,227,0, 0, 0, 255,Chrome_75_Windows,SMALL
613,DATASET_2,FACE_DETECT,1,0,229,0, 0, 0, 256,Chrome_75_Windows,SMALL
614,DATASET_2,FACE_DETECT,1,0,226,0, 0, 0, 253,Chrome_75_Windows,SMALL
615,DATASET_2,FACE_DETECT,0,0,237,0, 0, 0, 264,Chrome_75_Windows,SMALL
616,DATASET_2,FACE_DETECT,1,0,234,0, 0, 0, 257,Chrome_75_Windows,SMALL
617,DATASET_2,FACE_DETECT,1,0,233,0, 0, 0, 261,Chrome_75_Windows,SMALL
618,DATASET_2,FACE_DETECT,1,0,235,0, 0, 0, 263,Chrome_75_Windows,SMALL
619,DATASET_2,FACE_DETECT,1,0,232,0, 0, 0, 254,Chrome_75_Windows,SMALL
620,DATASET_2,FACE_DETECT,1,0,233,0, 0, 0, 259,Chrome_75_Windows,SMALL
621,DATASET_2,FACE_DETECT,1,0,236,0, 0, 0, 260,Chrome_75_Windows,SMALL
622,DATASET_2,FACE_DETECT,1,0,232,0, 0, 0, 258,Chrome_75_Windows,SMALL
623,DATASET_2,FACE_DETECT,1,0,238,0, 0, 0, 262,Chrome_75_Windows,SMALL
624,DATASET_2,FACE_DETECT,2,0,233,0, 0, 0, 256,Chrome_75_Windows,SMALL
625,DATASET_2,FACE_DETECT,2,0,235,0, 0, 0, 261,Chrome_75_Windows,SMALL
626,DATASET_2,FACE_DETECT,2,0,246,0, 0, 0, 273,Chrome_75_Windows,SMALL
627,DATASET_2,FACE_DETECT,2,0,244,0, 0, 0, 270,Chrome_75_Windows,SMALL
628,DATASET_2,FACE_DETECT,2,0,242,0, 0, 0, 266,Chrome_75_Windows,SMALL
629,DATASET_2,FACE_DETECT,1,0,250,0, 0, 0, 281,Chrome_75_Windows,SMALL
630,DATASET_2,FACE_DETECT,0,0,235,0, 0, 0, 259,Chrome_75_Windows,SMALL
631,DATASET_2,FACE_DETECT,0,0,237,0, 0, 0, 264,Chrome_75_Windows,SMALL
632,DATASET_2,FACE_DETECT,0,0,233,0, 0, 0, 256,Chrome_75_Windows,SMALL
633,DATASET_2,FACE_DETECT,1,0,236,0, 0, 0, 263,Chrome_75_Windows,SMALL
634,DATASET_2,FACE_DETECT,0,0,247,2, 0, 0, 281,Chrome_75_Windows,SMALL
635,DATASET_2,FACE_DETECT,0,0,233,0, 0, 0, 264,Chrome_75_Windows,SMALL
636,DATASET_2,FACE_DETECT,0,0,236,0, 0, 0, 264,Chrome_75_Windows,SMALL
637,DATASET_2,FACE_DETECT,0,0,232,0, 0, 0, 262,Chrome_75_Windows,SMALL
638,DATASET_2,FACE_DETECT,0,0,237,0, 0, 0, 265,Chrome_75_Windows,SMALL
639,DATASET_2,FACE_DETECT,0,0,239,0, 0, 0, 255,Chrome_75_Windows,SMALL
640,DATASET_2,FACE_DETECT,0,0,239,0, 0, 0, 244,Chrome_75_Windows,SMALL
641,DATASET_2,FACE_DETECT,0,0,238,0, 0, 0, 243,Chrome_75_Windows,SMALL
642,DATASET_2,FACE_DETECT,0,0,240,0, 0, 0, 268,Chrome_75_Windows,SMALL
643,DATASET_2,FACE_DETECT,1,0,232,0, 0, 0, 257,Chrome_75_Windows,SMALL
644,DATASET_2,FACE_DETECT,1,0,270,0, 0, 0, 297,Chrome_75_Windows,SMALL
645,DATASET_2,FACE_DETECT,1,0,255,0, 0, 0, 285,Chrome_75_Windows,SMALL
646,DATASET_2,FACE_DETECT,1,0,237,0, 0, 0, 264,Chrome_75_Windows,SMALL
647,DATASET_2,FACE_DETECT,1,0,237,0, 0, 0, 265,Chrome_75_Windows,SMALL
648,DATASET_2,FACE_DETECT,1,0,232,0, 0, 0, 249,Chrome_75_Windows,SMALL
649,DATASET_2,FACE_DETECT,1,0,233,0, 0, 0, 237,Chrome_75_Windows,SMALL
650,DATASET_2,FACE_DETECT,1,0,233,0, 0, 0, 237,Chrome_75_Windows,SMALL
651,DATASET_2,FACE_DETECT,1,0,231,0, 0, 0, 255,Chrome_75_Windows,SMALL
652,DATASET_2,FACE_DETECT,0,0,251,0, 0, 0, 278,Chrome_75_Windows,SMALL
653,DATASET_2,FACE_DETECT,1,0,247,0, 0, 0, 279,Chrome_75_Windows,SMALL
654,DATASET_2,FACE_DETECT,0,0,246,0, 0, 0, 270,Chrome_75_Windows,SMALL
655,DATASET_2,FACE_DETECT,0,0,245,0, 0, 0, 269,Chrome_75_Windows,SMALL
656,DATASET_2,FACE_DETECT,0,0,247,0, 0, 0, 275,Chrome_75_Windows,SMALL
657,DATASET_2,FACE_DETECT,0,0,244,0, 0, 0, 267,Chrome_75_Windows,SMALL
658,DATASET_2,FACE_DETECT,0,0,242,0, 0, 0, 267,Chrome_75_Windows,SMALL
659,DATASET_2,FACE_DETECT,0,0,241,0, 0, 0, 265,Chrome_75_Windows,SMALL
660,DATASET_2,FACE_DETECT,0,0,238,0, 0, 0, 266,Chrome_75_Windows,SMALL
661,DATASET_2,FACE_DETECT,0,0,235,0, 0, 0, 258,Chrome_75_Windows,SMALL
662,DATASET_2,FACE_DETECT,0,0,236,0, 0, 0, 262,Chrome_75_Windows,SMALL
663,DATASET_2,FACE_DETECT,0,0,235,0, 0, 0, 260,Chrome_75_Windows,SMALL
664,DATASET_2,FACE_DETECT,0,0,230,0, 0, 0, 254,Chrome_75_Windows,SMALL
665,DATASET_2,FACE_DETECT,0,0,238,0, 0, 0, 264,Chrome_75_Windows,SMALL
666,DATASET_2,FACE_DETECT,0,0,233,0, 0, 0, 256,Chrome_75_Windows,SMALL
667,DATASET_2,FACE_DETECT,0,0,230,0, 0, 0, 254,Chrome_75_Windows,SMALL
668,DATASET_2,FACE_DETECT,0,0,232,0, 0, 0, 259,Chrome_75_Windows,SMALL
669,DATASET_2,FACE_DETECT,0,0,230,0, 0, 0, 256,Chrome_75_Windows,SMALL
670,DATASET_2,FACE_DETECT,0,0,228,0, 0, 0, 256,Chrome_75_Windows,SMALL
671,DATASET_2,FACE_DETECT,0,0,227,0, 0, 0, 252,Chrome_75_Windows,SMALL
672,DATASET_2,FACE_DETECT,0,0,228,0, 0, 0, 257,Chrome_75_Windows,SMALL
673,DATASET_2,FACE_DETECT,0,0,225,0, 0, 0, 245,Chrome_75_Windows,SMALL
674,DATASET_2,FACE_DETECT,0,0,226,0, 0, 0, 235,Chrome_75_Windows,SMALL
675,DATASET_2,FACE_DETECT,0,0,232,0, 0, 0, 251,Chrome_75_Windows,SMALL
676,DATASET_2,FACE_DETECT,0,0,242,0, 0, 0, 262,Chrome_75_Windows,SMALL
677,DATASET_2,FACE_DETECT,0,0,248,0, 0, 0, 268,Chrome_75_Windows,SMALL
678,DATASET_2,FACE_DETECT,0,0,257,0, 0, 0, 274,Chrome_75_Windows,SMALL
679,DATASET_2,FACE_DETECT,0,0,249,1, 0, 0, 271,Chrome_75_Windows,SMALL
680,DATASET_2,FACE_DETECT,0,0,251,0, 0, 0, 269,Chrome_75_Windows,SMALL
681,DATASET_2,FACE_DETECT,0,0,257,0, 0, 0, 277,Chrome_75_Windows,SMALL
682,DATASET_2,FACE_DETECT,0,0,255,0, 0, 0, 279,Chrome_75_Windows,SMALL
683,DATASET_2,FACE_DETECT,0,0,308,0, 0, 0, 325,Chrome_75_Windows,SMALL
684,DATASET_2,FACE_DETECT,0,0,286,0, 0, 0, 304,Chrome_75_Windows,SMALL
685,DATASET_2,FACE_DETECT,0,0,262,0, 0, 0, 288,Chrome_75_Windows,SMALL
686,DATASET_2,FACE_DETECT,0,0,256,0, 0, 0, 284,Chrome_75_Windows,SMALL
687,DATASET_2,FACE_DETECT,0,0,252,0, 0, 0, 275,Chrome_75_Windows,SMALL
688,DATASET_2,FACE_DETECT,0,0,253,0, 0, 0, 283,Chrome_75_Windows,SMALL
689,DATASET_2,FACE_DETECT,0,0,251,0, 0, 0, 278,Chrome_75_Windows,SMALL
690,DATASET_2,FACE_DETECT,0,0,261,0, 0, 0, 289,Chrome_75_Windows,SMALL
691,DATASET_2,FACE_DETECT,0,0,255,0, 0, 0, 283,Chrome_75_Windows,SMALL
692,DATASET_2,FACE_DETECT,0,0,261,0, 0, 0, 290,Chrome_75_Windows,SMALL
693,DATASET_2,FACE_DETECT,0,0,259,0, 0, 0, 287,Chrome_75_Windows,SMALL
694,DATASET_2,FACE_DETECT,0,0,262,0, 0, 0, 292,Chrome_75_Windows,SMALL
695,DATASET_2,FACE_DETECT,0,0,260,0, 0, 0, 285,Chrome_75_Windows,SMALL
696,DATASET_2,FACE_DETECT,0,0,267,0, 0, 0, 288,Chrome_75_Windows,SMALL
697,DATASET_2,FACE_DETECT,0,0,271,0, 0, 0, 294,Chrome_75_Windows,SMALL
698,DATASET_2,FACE_DETECT,0,0,266,0, 0, 0, 291,Chrome_75_Windows,SMALL
699,DATASET_2,FACE_DETECT,0,0,260,0, 0, 0, 283,Chrome_75_Windows,SMALL
700,DATASET_2,FACE_DETECT,0,0,266,0, 0, 0, 291,Chrome_75_Windows,SMALL
701,DATASET_2,FACE_DETECT,0,0,258,0, 0, 0, 284,Chrome_75_Windows,SMALL
702,DATASET_2,FACE_DETECT,0,0,269,0, 0, 0, 294,Chrome_75_Windows,SMALL
703,DATASET_2,FACE_DETECT,0,0,277,0, 0, 0, 302,Chrome_75_Windows,SMALL
704,DATASET_2,FACE_DETECT,0,0,270,0, 0, 0, 295,Chrome_75_Windows,SMALL
705,DATASET_2,FACE_DETECT,0,0,260,0, 0, 0, 283,Chrome_75_Windows,SMALL
706,DATASET_2,FACE_DETECT,0,0,255,1, 0, 0, 284,Chrome_75_Windows,SMALL
707,DATASET_2,FACE_DETECT,0,0,258,0, 0, 0, 280,Chrome_75_Windows,SMALL
708,DATASET_2,FACE_DETECT,1,0,257,0, 0, 0, 290,Chrome_75_Windows,SMALL
709,DATASET_2,FACE_DETECT,0,0,260,0, 0, 0, 285,Chrome_75_Windows,SMALL
710,DATASET_2,FACE_DETECT,0,0,254,0, 0, 0, 278,Chrome_75_Windows,SMALL
711,DATASET_2,FACE_DETECT,0,0,253,0, 0, 0, 278,Chrome_75_Windows,SMALL
712,DATASET_2,FACE_DETECT,0,0,256,0, 0, 0, 283,Chrome_75_Windows,SMALL
713,DATASET_2,FACE_DETECT,1,0,258,0, 0, 0, 286,Chrome_75_Windows,SMALL
714,DATASET_2,FACE_DETECT,0,0,266,2, 0, 0, 297,Chrome_75_Windows,SMALL
715,DATASET_2,FACE_DETECT,0,0,259,0, 0, 0, 287,Chrome_75_Windows,SMALL
716,DATASET_2,FACE_DETECT,1,0,255,0, 0, 0, 271,Chrome_75_Windows,SMALL
717,DATASET_2,FACE_DETECT,0,0,255,0, 0, 0, 271,Chrome_75_Windows,SMALL
718,DATASET_2,FACE_DETECT,0,0,246,0, 0, 0, 267,Chrome_75_Windows,SMALL
719,DATASET_2,FACE_DETECT,0,0,277,0, 0, 0, 295,Chrome_75_Windows,SMALL
720,DATASET_2,FACE_DETECT,0,0,256,0, 0, 0, 275,Chrome_75_Windows,SMALL
721,DATASET_2,FACE_DETECT,0,0,216,0, 0, 0, 234,Chrome_75_Windows,SMALL
722,DATASET_2,FACE_DETECT,0,0,208,0, 0, 0, 212,Chrome_75_Windows,SMALL
723,DATASET_2,FACE_DETECT,0,0,211,1, 0, 0, 233,Chrome_75_Windows,SMALL
724,DATASET_2,FACE_DETECT,0,0,191,0, 0, 0, 210,Chrome_75_Windows,SMALL
725,DATASET_2,FACE_DETECT,0,0,176,0, 0, 0, 195,Chrome_75_Windows,SMALL
726,DATASET_2,FACE_DETECT,0,0,183,1, 0, 0, 210,Chrome_75_Windows,SMALL
727,DATASET_2,FACE_DETECT,0,0,162,0, 0, 0, 187,Chrome_75_Windows,SMALL
728,DATASET_2,FACE_DETECT,0,0,67,0, 0, 0, 88,Chrome_75_Windows,SMALL
729,DATASET_2,FACE_DETECT,0,0,97,0, 0, 0, 122,Chrome_75_Windows,SMALL
730,DATASET_2,FACE_DETECT,0,0,133,0, 0, 0, 158,Chrome_75_Windows,SMALL
731,DATASET_2,FACE_DETECT,0,0,108,0, 0, 0, 136,Chrome_75_Windows,SMALL
732,DATASET_2,FACE_DETECT,0,0,117,0, 0, 0, 142,Chrome_75_Windows,SMALL
733,DATASET_2,FACE_DETECT,0,0,122,0, 0, 0, 136,Chrome_75_Windows,SMALL
